-- SPDX-License-Identifier: AGPL-3.0-only
--
-- Shared dummy dataset for the integration-test suite (issue #163).
--
-- Loaded per test by io.qnop.testsupport.SeededIntegrationTest on the
-- transaction-bound connection; the test is @Transactional, so every row here
-- is rolled back after each test (no pollution of the JVM-shared container).
--
-- Only tables that are EMPTY in the migrated baseline are seeded here
-- (qnop_user, team, team_membership, oidc_provider). application_setting and
-- mail_template already carry migration seeds and are left untouched.
--
-- All passwords are the bcrypt of "Test-Pass-1234!" (SeededIntegrationTest.SEED_PASSWORD).
-- Fixed UUIDs let tests reference rows by stable id (see SeededIntegrationTest).

-- ---------------------------------------------------------------------------
-- Users: one per role / source / state.
-- ---------------------------------------------------------------------------
INSERT INTO qnop_user
  (id, display_name, slug, email, source, username, password_hash, enabled,
   password_change_required, role, last_login_at, created_at, updated_at, version)
VALUES
  ('a0000000-0000-0000-0000-000000000001', 'Ada Admin', 'ada-admin', 'admin@qnop.test', 'INTERNAL',
   'admin', '$2a$10$MGmtbGfpKSL2Ev2Bl8XxzOu/D4yAsfZaVchQlI2meWVmp9O3LKBV6', true,
   false, 'ADMIN', TIMESTAMPTZ '2026-02-01 09:00:00+00', TIMESTAMPTZ '2026-01-01 08:00:00+00', TIMESTAMPTZ '2026-01-01 08:00:00+00', 0),
  ('a0000000-0000-0000-0000-000000000008', 'Boss Admin', 'boss-admin', 'admin2@qnop.test', 'INTERNAL',
   'admin2', '$2a$10$MGmtbGfpKSL2Ev2Bl8XxzOu/D4yAsfZaVchQlI2meWVmp9O3LKBV6', true,
   false, 'ADMIN', NULL, TIMESTAMPTZ '2026-01-01 08:05:00+00', TIMESTAMPTZ '2026-01-01 08:05:00+00', 0),
  ('a0000000-0000-0000-0000-000000000002', 'Mia Member', 'mia-member', 'member@qnop.test', 'INTERNAL',
   'member', '$2a$10$MGmtbGfpKSL2Ev2Bl8XxzOu/D4yAsfZaVchQlI2meWVmp9O3LKBV6', true,
   false, 'MEMBER', TIMESTAMPTZ '2026-02-02 12:30:00+00', TIMESTAMPTZ '2026-01-01 08:10:00+00', TIMESTAMPTZ '2026-01-01 08:10:00+00', 0),
  ('a0000000-0000-0000-0000-000000000003', 'Max Member', 'max-member', 'member2@qnop.test', 'INTERNAL',
   'member2', '$2a$10$MGmtbGfpKSL2Ev2Bl8XxzOu/D4yAsfZaVchQlI2meWVmp9O3LKBV6', true,
   false, 'MEMBER', NULL, TIMESTAMPTZ '2026-01-01 08:15:00+00', TIMESTAMPTZ '2026-01-01 08:15:00+00', 0),
  ('a0000000-0000-0000-0000-000000000004', 'Avery Auditor', 'avery-auditor', 'auditor@qnop.test', 'INTERNAL',
   'auditor', '$2a$10$MGmtbGfpKSL2Ev2Bl8XxzOu/D4yAsfZaVchQlI2meWVmp9O3LKBV6', true,
   false, 'AUDITOR', NULL, TIMESTAMPTZ '2026-01-01 08:20:00+00', TIMESTAMPTZ '2026-01-01 08:20:00+00', 0),
  ('a0000000-0000-0000-0000-000000000005', 'Dana Disabled', 'dana-disabled', 'disabled@qnop.test', 'INTERNAL',
   'disabled', '$2a$10$MGmtbGfpKSL2Ev2Bl8XxzOu/D4yAsfZaVchQlI2meWVmp9O3LKBV6', false,
   false, 'MEMBER', NULL, TIMESTAMPTZ '2026-01-01 08:25:00+00', TIMESTAMPTZ '2026-01-01 08:25:00+00', 0),
  ('a0000000-0000-0000-0000-000000000006', 'Pat Pending', 'pat-pending', 'pwchange@qnop.test', 'INTERNAL',
   'pwchange', '$2a$10$MGmtbGfpKSL2Ev2Bl8XxzOu/D4yAsfZaVchQlI2meWVmp9O3LKBV6', true,
   true, 'MEMBER', NULL, TIMESTAMPTZ '2026-01-01 08:30:00+00', TIMESTAMPTZ '2026-01-01 08:30:00+00', 0),
  ('a0000000-0000-0000-0000-000000000007', 'Ext Ernal', 'ext-ernal', 'external@qnop.test', 'EXTERNAL',
   NULL, NULL, true,
   false, 'MEMBER', NULL, TIMESTAMPTZ '2026-01-01 08:35:00+00', TIMESTAMPTZ '2026-01-01 08:35:00+00', 0);

-- ---------------------------------------------------------------------------
-- Teams + memberships.
-- ---------------------------------------------------------------------------
INSERT INTO team (id, name, description, enabled, created_at, updated_at, version)
VALUES
  ('b0000000-0000-0000-0000-000000000001', 'Alpha', 'Primary review team', true,
   TIMESTAMPTZ '2026-01-02 08:00:00+00', TIMESTAMPTZ '2026-01-02 08:00:00+00', 0),
  ('b0000000-0000-0000-0000-000000000002', 'Beta', 'Secondary review team', true,
   TIMESTAMPTZ '2026-01-02 08:05:00+00', TIMESTAMPTZ '2026-01-02 08:05:00+00', 0);

INSERT INTO team_membership (id, team_id, user_id, team_role, joined_at, version)
VALUES
  ('c1000000-0000-0000-0000-000000000001', 'b0000000-0000-0000-0000-000000000001',
   'a0000000-0000-0000-0000-000000000001', 'LEAD', TIMESTAMPTZ '2026-01-02 09:00:00+00', 0),
  ('c1000000-0000-0000-0000-000000000002', 'b0000000-0000-0000-0000-000000000001',
   'a0000000-0000-0000-0000-000000000002', 'MEMBER', TIMESTAMPTZ '2026-01-02 09:01:00+00', 0),
  ('c1000000-0000-0000-0000-000000000003', 'b0000000-0000-0000-0000-000000000001',
   'a0000000-0000-0000-0000-000000000004', 'MEMBER', TIMESTAMPTZ '2026-01-02 09:02:00+00', 0),
  ('c1000000-0000-0000-0000-000000000004', 'b0000000-0000-0000-0000-000000000002',
   'a0000000-0000-0000-0000-000000000002', 'LEAD', TIMESTAMPTZ '2026-01-02 09:03:00+00', 0),
  ('c1000000-0000-0000-0000-000000000005', 'b0000000-0000-0000-0000-000000000002',
   'a0000000-0000-0000-0000-000000000003', 'MEMBER', TIMESTAMPTZ '2026-01-02 09:04:00+00', 0);

-- ---------------------------------------------------------------------------
-- OIDC providers: one enabled (with secret), one disabled (no secret).
--
-- client_secret_encrypted is read through EncryptedStringConverter, which
-- decrypts on entity load — so the value MUST be a real ciphertext produced by
-- Encryptors.delux with the integration-test key/salt (AbstractIntegrationTest).
-- The literal below is the encryption of "seed-dummy-secret"; the disabled
-- provider stores NULL to exercise the no-secret path (hasClientSecret=false).
-- ---------------------------------------------------------------------------
INSERT INTO oidc_provider
  (id, name, provider_type, enabled, client_id, client_secret_encrypted, issuer_uri,
   scope, created_at, updated_at)
VALUES
  ('d0000000-0000-0000-0000-000000000001', 'Seeded Google', 'GOOGLE', true,
   'seed-client-google',
   'd87d2739523ce0d827fb5b56b26019ed803139c074194c98394602a53ece3dd3d5288dcf0ef4535907065ec9e65a9381e1',
   'https://accounts.google.example',
   'openid email profile', TIMESTAMPTZ '2026-01-03 08:00:00+00', TIMESTAMPTZ '2026-01-03 08:00:00+00'),
  ('d0000000-0000-0000-0000-000000000002', 'Seeded OIDC (disabled)', 'OIDC', false,
   'seed-client-oidc', NULL, 'https://idp.example',
   'openid email', TIMESTAMPTZ '2026-01-03 08:05:00+00', TIMESTAMPTZ '2026-01-03 08:05:00+00');

-- ---------------------------------------------------------------------------
-- Crowd users (issue #401): twenty regular members for manual testing —
-- populated pickers, team assignment, realistic participant lists. Same
-- shared password; ids continue the a0000000 scheme (…09 – …1c). Roles are
-- MEMBER only: SeededAdminUsersIT pins the ADMIN (2) and AUDITOR (1) counts.
-- ---------------------------------------------------------------------------
INSERT INTO qnop_user
  (id, display_name, slug, email, source, username, password_hash, enabled,
   password_change_required, role, last_login_at, created_at, updated_at, version)
VALUES
  ('a0000000-0000-0000-0000-000000000009', 'Nora Weber',    'nora-weber', 'nora@qnop.test',  'INTERNAL', 'nora',  '$2a$10$MGmtbGfpKSL2Ev2Bl8XxzOu/D4yAsfZaVchQlI2meWVmp9O3LKBV6', true, false, 'MEMBER', NULL, TIMESTAMPTZ '2026-01-05 09:00:00+00', TIMESTAMPTZ '2026-01-05 09:00:00+00', 0),
  ('a0000000-0000-0000-0000-00000000000a', 'Felix Braun',   'felix-braun', 'felix@qnop.test', 'INTERNAL', 'felix', '$2a$10$MGmtbGfpKSL2Ev2Bl8XxzOu/D4yAsfZaVchQlI2meWVmp9O3LKBV6', true, false, 'MEMBER', NULL, TIMESTAMPTZ '2026-01-05 09:01:00+00', TIMESTAMPTZ '2026-01-05 09:01:00+00', 0),
  ('a0000000-0000-0000-0000-00000000000b', 'Lena Fischer',  'lena-fischer', 'lena@qnop.test',  'INTERNAL', 'lena',  '$2a$10$MGmtbGfpKSL2Ev2Bl8XxzOu/D4yAsfZaVchQlI2meWVmp9O3LKBV6', true, false, 'MEMBER', NULL, TIMESTAMPTZ '2026-01-05 09:02:00+00', TIMESTAMPTZ '2026-01-05 09:02:00+00', 0),
  ('a0000000-0000-0000-0000-00000000000c', 'Jonas Keller',  'jonas-keller', 'jonas@qnop.test', 'INTERNAL', 'jonas', '$2a$10$MGmtbGfpKSL2Ev2Bl8XxzOu/D4yAsfZaVchQlI2meWVmp9O3LKBV6', true, false, 'MEMBER', NULL, TIMESTAMPTZ '2026-01-05 09:03:00+00', TIMESTAMPTZ '2026-01-05 09:03:00+00', 0),
  ('a0000000-0000-0000-0000-00000000000d', 'Clara Vogt',    'clara-vogt', 'clara@qnop.test', 'INTERNAL', 'clara', '$2a$10$MGmtbGfpKSL2Ev2Bl8XxzOu/D4yAsfZaVchQlI2meWVmp9O3LKBV6', true, false, 'MEMBER', NULL, TIMESTAMPTZ '2026-01-05 09:04:00+00', TIMESTAMPTZ '2026-01-05 09:04:00+00', 0),
  ('a0000000-0000-0000-0000-00000000000e', 'Paul Richter',  'paul-richter', 'paul@qnop.test',  'INTERNAL', 'paul',  '$2a$10$MGmtbGfpKSL2Ev2Bl8XxzOu/D4yAsfZaVchQlI2meWVmp9O3LKBV6', true, false, 'MEMBER', NULL, TIMESTAMPTZ '2026-01-05 09:05:00+00', TIMESTAMPTZ '2026-01-05 09:05:00+00', 0),
  ('a0000000-0000-0000-0000-00000000000f', 'Ida Hoffmann',  'ida-hoffmann', 'ida@qnop.test',   'INTERNAL', 'ida',   '$2a$10$MGmtbGfpKSL2Ev2Bl8XxzOu/D4yAsfZaVchQlI2meWVmp9O3LKBV6', true, false, 'MEMBER', NULL, TIMESTAMPTZ '2026-01-05 09:06:00+00', TIMESTAMPTZ '2026-01-05 09:06:00+00', 0),
  ('a0000000-0000-0000-0000-000000000010', 'Tom Schneider', 'tom-schneider', 'tom@qnop.test',   'INTERNAL', 'tom',   '$2a$10$MGmtbGfpKSL2Ev2Bl8XxzOu/D4yAsfZaVchQlI2meWVmp9O3LKBV6', true, false, 'MEMBER', NULL, TIMESTAMPTZ '2026-01-05 09:07:00+00', TIMESTAMPTZ '2026-01-05 09:07:00+00', 0),
  ('a0000000-0000-0000-0000-000000000011', 'Eva Brandt',    'eva-brandt', 'eva@qnop.test',   'INTERNAL', 'eva',   '$2a$10$MGmtbGfpKSL2Ev2Bl8XxzOu/D4yAsfZaVchQlI2meWVmp9O3LKBV6', true, false, 'MEMBER', NULL, TIMESTAMPTZ '2026-01-05 09:08:00+00', TIMESTAMPTZ '2026-01-05 09:08:00+00', 0),
  ('a0000000-0000-0000-0000-000000000012', 'Nils Weiss',    'nils-weiss', 'nils@qnop.test',  'INTERNAL', 'nils',  '$2a$10$MGmtbGfpKSL2Ev2Bl8XxzOu/D4yAsfZaVchQlI2meWVmp9O3LKBV6', true, false, 'MEMBER', NULL, TIMESTAMPTZ '2026-01-05 09:09:00+00', TIMESTAMPTZ '2026-01-05 09:09:00+00', 0),
  ('a0000000-0000-0000-0000-000000000013', 'Anna Krause',   'anna-krause', 'anna@qnop.test',  'INTERNAL', 'anna',  '$2a$10$MGmtbGfpKSL2Ev2Bl8XxzOu/D4yAsfZaVchQlI2meWVmp9O3LKBV6', true, false, 'MEMBER', NULL, TIMESTAMPTZ '2026-01-05 09:10:00+00', TIMESTAMPTZ '2026-01-05 09:10:00+00', 0),
  ('a0000000-0000-0000-0000-000000000014', 'Ben Roth',      'ben-roth', 'ben@qnop.test',   'INTERNAL', 'ben',   '$2a$10$MGmtbGfpKSL2Ev2Bl8XxzOu/D4yAsfZaVchQlI2meWVmp9O3LKBV6', true, false, 'MEMBER', NULL, TIMESTAMPTZ '2026-01-05 09:11:00+00', TIMESTAMPTZ '2026-01-05 09:11:00+00', 0),
  ('a0000000-0000-0000-0000-000000000015', 'Marie Lang',    'marie-lang', 'marie@qnop.test', 'INTERNAL', 'marie', '$2a$10$MGmtbGfpKSL2Ev2Bl8XxzOu/D4yAsfZaVchQlI2meWVmp9O3LKBV6', true, false, 'MEMBER', NULL, TIMESTAMPTZ '2026-01-05 09:12:00+00', TIMESTAMPTZ '2026-01-05 09:12:00+00', 0),
  ('a0000000-0000-0000-0000-000000000016', 'Leo Hartmann',  'leo-hartmann', 'leo@qnop.test',   'INTERNAL', 'leo',   '$2a$10$MGmtbGfpKSL2Ev2Bl8XxzOu/D4yAsfZaVchQlI2meWVmp9O3LKBV6', true, false, 'MEMBER', NULL, TIMESTAMPTZ '2026-01-05 09:13:00+00', TIMESTAMPTZ '2026-01-05 09:13:00+00', 0),
  ('a0000000-0000-0000-0000-000000000017', 'Sofia Berg',    'sofia-berg', 'sofia@qnop.test', 'INTERNAL', 'sofia', '$2a$10$MGmtbGfpKSL2Ev2Bl8XxzOu/D4yAsfZaVchQlI2meWVmp9O3LKBV6', true, false, 'MEMBER', NULL, TIMESTAMPTZ '2026-01-05 09:14:00+00', TIMESTAMPTZ '2026-01-05 09:14:00+00', 0),
  ('a0000000-0000-0000-0000-000000000018', 'Emil Franke',   'emil-franke', 'emil@qnop.test',  'INTERNAL', 'emil',  '$2a$10$MGmtbGfpKSL2Ev2Bl8XxzOu/D4yAsfZaVchQlI2meWVmp9O3LKBV6', true, false, 'MEMBER', NULL, TIMESTAMPTZ '2026-01-05 09:15:00+00', TIMESTAMPTZ '2026-01-05 09:15:00+00', 0),
  ('a0000000-0000-0000-0000-000000000019', 'Greta Simon',   'greta-simon', 'greta@qnop.test', 'INTERNAL', 'greta', '$2a$10$MGmtbGfpKSL2Ev2Bl8XxzOu/D4yAsfZaVchQlI2meWVmp9O3LKBV6', true, false, 'MEMBER', NULL, TIMESTAMPTZ '2026-01-05 09:16:00+00', TIMESTAMPTZ '2026-01-05 09:16:00+00', 0),
  ('a0000000-0000-0000-0000-00000000001a', 'Oskar Thiel',   'oskar-thiel', 'oskar@qnop.test', 'INTERNAL', 'oskar', '$2a$10$MGmtbGfpKSL2Ev2Bl8XxzOu/D4yAsfZaVchQlI2meWVmp9O3LKBV6', true, false, 'MEMBER', NULL, TIMESTAMPTZ '2026-01-05 09:17:00+00', TIMESTAMPTZ '2026-01-05 09:17:00+00', 0),
  ('a0000000-0000-0000-0000-00000000001b', 'Julia Winter',  'julia-winter', 'julia@qnop.test', 'INTERNAL', 'julia', '$2a$10$MGmtbGfpKSL2Ev2Bl8XxzOu/D4yAsfZaVchQlI2meWVmp9O3LKBV6', true, false, 'MEMBER', NULL, TIMESTAMPTZ '2026-01-05 09:18:00+00', TIMESTAMPTZ '2026-01-05 09:18:00+00', 0),
  ('a0000000-0000-0000-0000-00000000001c', 'David Sommer',  'david-sommer', 'david@qnop.test', 'INTERNAL', 'david', '$2a$10$MGmtbGfpKSL2Ev2Bl8XxzOu/D4yAsfZaVchQlI2meWVmp9O3LKBV6', true, false, 'MEMBER', NULL, TIMESTAMPTZ '2026-01-05 09:19:00+00', TIMESTAMPTZ '2026-01-05 09:19:00+00', 0);

-- ---------------------------------------------------------------------------
-- Crowd teams (issue #401): five departments, 3 crowd users each (one LEAD),
-- five crowd users deliberately teamless (emil, greta, oskar, julia, david).
-- Alpha/Beta above stay untouched — SeededTeamIT pins their member counts.
-- ---------------------------------------------------------------------------
INSERT INTO team (id, name, description, enabled, created_at, updated_at, version)
VALUES
  ('b0000000-0000-0000-0000-000000000003', 'Legal',       'Contract review',        true, TIMESTAMPTZ '2026-01-05 10:00:00+00', TIMESTAMPTZ '2026-01-05 10:00:00+00', 0),
  ('b0000000-0000-0000-0000-000000000004', 'Compliance',  'Policy conformance',     true, TIMESTAMPTZ '2026-01-05 10:01:00+00', TIMESTAMPTZ '2026-01-05 10:01:00+00', 0),
  ('b0000000-0000-0000-0000-000000000005', 'Finance',     'Commercial terms',       true, TIMESTAMPTZ '2026-01-05 10:02:00+00', TIMESTAMPTZ '2026-01-05 10:02:00+00', 0),
  ('b0000000-0000-0000-0000-000000000006', 'Procurement', 'Supplier agreements',    true, TIMESTAMPTZ '2026-01-05 10:03:00+00', TIMESTAMPTZ '2026-01-05 10:03:00+00', 0),
  ('b0000000-0000-0000-0000-000000000007', 'Engineering', 'Technical annexes',      true, TIMESTAMPTZ '2026-01-05 10:04:00+00', TIMESTAMPTZ '2026-01-05 10:04:00+00', 0);

INSERT INTO team_membership (id, team_id, user_id, team_role, joined_at, version)
VALUES
  ('c1000000-0000-0000-0000-000000000006', 'b0000000-0000-0000-0000-000000000003', 'a0000000-0000-0000-0000-000000000009', 'LEAD',   TIMESTAMPTZ '2026-01-05 11:00:00+00', 0),
  ('c1000000-0000-0000-0000-000000000007', 'b0000000-0000-0000-0000-000000000003', 'a0000000-0000-0000-0000-00000000000a', 'MEMBER', TIMESTAMPTZ '2026-01-05 11:01:00+00', 0),
  ('c1000000-0000-0000-0000-000000000008', 'b0000000-0000-0000-0000-000000000003', 'a0000000-0000-0000-0000-00000000000b', 'MEMBER', TIMESTAMPTZ '2026-01-05 11:02:00+00', 0),
  ('c1000000-0000-0000-0000-000000000009', 'b0000000-0000-0000-0000-000000000004', 'a0000000-0000-0000-0000-00000000000c', 'LEAD',   TIMESTAMPTZ '2026-01-05 11:03:00+00', 0),
  ('c1000000-0000-0000-0000-00000000000a', 'b0000000-0000-0000-0000-000000000004', 'a0000000-0000-0000-0000-00000000000d', 'MEMBER', TIMESTAMPTZ '2026-01-05 11:04:00+00', 0),
  ('c1000000-0000-0000-0000-00000000000b', 'b0000000-0000-0000-0000-000000000004', 'a0000000-0000-0000-0000-00000000000e', 'MEMBER', TIMESTAMPTZ '2026-01-05 11:05:00+00', 0),
  ('c1000000-0000-0000-0000-00000000000c', 'b0000000-0000-0000-0000-000000000005', 'a0000000-0000-0000-0000-00000000000f', 'LEAD',   TIMESTAMPTZ '2026-01-05 11:06:00+00', 0),
  ('c1000000-0000-0000-0000-00000000000d', 'b0000000-0000-0000-0000-000000000005', 'a0000000-0000-0000-0000-000000000010', 'MEMBER', TIMESTAMPTZ '2026-01-05 11:07:00+00', 0),
  ('c1000000-0000-0000-0000-00000000000e', 'b0000000-0000-0000-0000-000000000005', 'a0000000-0000-0000-0000-000000000011', 'MEMBER', TIMESTAMPTZ '2026-01-05 11:08:00+00', 0),
  ('c1000000-0000-0000-0000-00000000000f', 'b0000000-0000-0000-0000-000000000006', 'a0000000-0000-0000-0000-000000000012', 'LEAD',   TIMESTAMPTZ '2026-01-05 11:09:00+00', 0),
  ('c1000000-0000-0000-0000-000000000010', 'b0000000-0000-0000-0000-000000000006', 'a0000000-0000-0000-0000-000000000013', 'MEMBER', TIMESTAMPTZ '2026-01-05 11:10:00+00', 0),
  ('c1000000-0000-0000-0000-000000000011', 'b0000000-0000-0000-0000-000000000006', 'a0000000-0000-0000-0000-000000000014', 'MEMBER', TIMESTAMPTZ '2026-01-05 11:11:00+00', 0),
  ('c1000000-0000-0000-0000-000000000012', 'b0000000-0000-0000-0000-000000000007', 'a0000000-0000-0000-0000-000000000015', 'LEAD',   TIMESTAMPTZ '2026-01-05 11:12:00+00', 0),
  ('c1000000-0000-0000-0000-000000000013', 'b0000000-0000-0000-0000-000000000007', 'a0000000-0000-0000-0000-000000000016', 'MEMBER', TIMESTAMPTZ '2026-01-05 11:13:00+00', 0),
  ('c1000000-0000-0000-0000-000000000014', 'b0000000-0000-0000-0000-000000000007', 'a0000000-0000-0000-0000-000000000017', 'MEMBER', TIMESTAMPTZ '2026-01-05 11:14:00+00', 0);

-- ---------------------------------------------------------------------------
-- Mail: point the (Liquibase-seeded) SMTP settings at the docker-compose
-- Mailpit (issue #401) — localhost:1025, no auth, no TLS; inbox on :8025.
-- UPDATEs, not INSERTs: application_setting carries migration seeds and
-- survives clean.sql by design.
-- ---------------------------------------------------------------------------
UPDATE application_setting AS s
SET setting_value = v.new_value
FROM (VALUES
  ('smtp.enabled',   'true'),
  ('smtp.host',      'localhost'),
  ('smtp.port',      '1025'),
  ('smtp.username',  ''),
  ('smtp.encryption', 'none'),
  ('smtp.from',      'noreply@qnop.test'),
  ('smtp.from_name', 'qnop')
) AS v(key, new_value)
WHERE s.setting_key = v.key;

-- ---------------------------------------------------------------------------
-- Profile pictures (issue #469): 192px JPEG thumbnails of testdata/avatars/*,
-- embedded as hex so plain-SQL loading works everywhere (ITs + psql).
-- Regenerate: sips -Z 192 -s format jpeg -s formatOptions 70 testdata/avatars/<f>
-- Assignment: avatar1..5 -> Anna Krause, Ben Roth, Eva Brandt, Greta Simon, Clara Vogt.
-- ---------------------------------------------------------------------------
DELETE FROM user_avatar;
INSERT INTO user_avatar (user_id, content_type, content, sha256, size_bytes, width, height, updated_at, updated_by) VALUES
  -- Anna Krause (avatar1.jpg)
  ('a0000000-0000-0000-0000-000000000013', 'image/jpeg', '\xffd8ffe000104a46494600010100004800480000ffe1004c4578696600004d4d002a00000008000187690004000000010000001a000000000003a00100030000000100010000a002000400000001000000c0a003000400000001000000c000000000ffed003850686f746f73686f7020332e30003842494d04040000000000003842494d0425000000000010d41d8cd98f00b204e9800998ecf8427effc000110800c000c003012200021101031101ffc4001f0000010501010101010100000000000000000102030405060708090a0bffc400b5100002010303020403050504040000017d01020300041105122131410613516107227114328191a1082342b1c11552d1f02433627282090a161718191a25262728292a3435363738393a434445464748494a535455565758595a636465666768696a737475767778797a838485868788898a92939495969798999aa2a3a4a5a6a7a8a9aab2b3b4b5b6b7b8b9bac2c3c4c5c6c7c8c9cad2d3d4d5d6d7d8d9dae1e2e3e4e5e6e7e8e9eaf1f2f3f4f5f6f7f8f9faffc4001f0100030101010101010101010000000000000102030405060708090a0bffc400b51100020102040403040705040400010277000102031104052131061241510761711322328108144291a1b1c109233352f0156272d10a162434e125f11718191a262728292a35363738393a434445464748494a535455565758595a636465666768696a737475767778797a82838485868788898a92939495969798999aa2a3a4a5a6a7a8a9aab2b3b4b5b6b7b8b9bac2c3c4c5c6c7c8c9cad2d3d4d5d6d7d8d9dae2e3e4e5e6e7e8e9eaf2f3f4f5f6f7f8f9faffdb0043000202020202020402020406040404060806060606080a08080808080a0c0a0a0a0a0a0a0c0c0c0c0c0c0c0c0e0e0e0e0e0e101010101012121212121212121212ffdb00430103030305040508040408130d0b0d1313131313131313131313131313131313131313131313131313131313131313131313131313131313131313131313131313ffdd0004000cffda000c03010002110311003f00fe7fe8a29680128a5a4a0028a2bd27e167c21f895f1afc551782be1768f71ac6a12e0948172b1ae71be473858d077662050079b57a67c32f835f153e336b2341f85ba05eeb9739f985ac45953de4938441eecc057ebbf857f614fd97bf652d26dfc65fb6cf8923d635b6412c5e1bd3599813d42b04c4b28edb8f951f6cb0aadf103fe0a49e2eb5d1bfe103fd9a3c3f63e01d02106384c3146d73b7a6400a228c9f6566ff006b3571837b1129a8ee70be06ff0082447c41b6d2d7c4dfb43f8bf49f03e9e3e6756916e2603a90cc5a3854fd246af418be0c7fc1277e10623f136bfabf8f6f22fbc96cf218988ec0dbac098ffb6a47bd7e7cf8afc63e34f883a9b6b3e39d56ef57ba73932de4cf337e1b89c0f61815cf2da76ad9505d4c5d77d0fd3b8bf6aafd82bc12fe5fc3df81d6d7613ee4b7eb6e58e3a6ef305c1fd4d6dc1ff0532f06e949e4f863e0f6876718e0059235e3e896aa2bf2b45ae0722bd1fc6bf08bc6df0eb4ed2757f15da0b7b7d6a0f3ed583ab6e5c038600fcad820e0f635139d184e34a4d294af65dedbd813a928b9a5a2dcfd0e7ff829df85b505f2bc41f08745ba8cf50658cf1f47b522b225fdaeff00618f1bb08be227c0db4b70ff007a4b18edb70fa6c581b3f88af81be17eafe0ef0b78e6cb5df1ee97fdb1a543bfceb4e3e7dc8557ae01c310707d2b81bb82192e249ad93cb8d9d9953aed5272067be071428de72838e892d7befa7cbf50751a8a9736bd8fd279be14ff00c1257e31131e87aa6ade01bc97ee895e558d58fa99c5c45f93815c2f8dff00e0905e2cd4f4a6f137ece1e35d2bc67627e648ddd609083c80b2234b0b1ff799057c5de21f0078b3c2da6e9dab788ac25b3b7d5a233d9bc800f363071b80ce40e47503239e950f85bc5de33f006a6bad781f55bbd22ed0e44b672bc2df8ec2323d8e4528461563cf4a57453a9283e59ad4f1df8abf027e2ffc10d57fb1be2af87af745949c234f19f2a4f78e55cc6e3fdd635e4d5fb81f0dff00e0a5be3c8b493e09fda2b44b3f1de833a88e6f3a28d2e3674f981530cbff00025527fbd5b3e29fd883f64cfdaf74ab8f187ec67e208fc3be20086597c3f7c5963dd8c902362d24433fc48648bd00a9941c77348cd4b63f09e92bd57e2f7c13f8a3f023c5527837e2ae8f3e937ab929e60cc732838df14832922fba93ef835e55505852d251400b49451401ffd0fe7fe8a29680128a2bf4bff620fd88ac3e2d58dc7c7cf8f93ff61fc36d0b32cd2cac6237c623f3468dd4440f0ee3963f227cd92a01c3fec7ff00b0778eff0069895bc69e219bfe11af02d812d79ac5c0082454e5d2df7e158803e673f227724fca7ee5f881fb637c2dfd9d7c272fc0dfd85b4c86c2d93f7779e229103cd70e06d2f1961991bd257f947f0201835e29fb56fed95a8fc63813e147c29b7ff8477e1ee96160b4b0817ca37291f0ad32ae004e32b1741d5b2dd3e1f8a007ad7453a5d59cd52af4897f57d5b5bf146ad3ebde23bb9afefae98bcd7170ed249231eeccc493f9d5a8342d45ed05ec50b3c4491b94640c727345958b4f2a4310c972140f72715f63f853e212fc32d657c25e13b1b3b84b5023ba9ae611399a5ff969f2b70141f946304f5cf35cf8ec5ca825c8aece8c0e0d621cb99e88f8f628075c5743a0787e6f106b16fa2dbcb0dbc972fb164b990451293d373b70a3b64d7dd1e3ff00823e18f8a3e1c9bc71f0baca3d2f5eb55335ee9109261b88c0cb4968adf32bae32d09cf1cad7c75a05968275444f15fda63b3f9849f655432838e001210bd7ae4d551c62c45294e9eeba754ff530af86950a8a1536efd1999e26f06788bc1bab3e89e28b392cee9003b241c329e8c8c3e5653d994907b1afab756f81daef8cfe03685e2d8356bad435bb5b496ed74bb894c98d3c485035b21e46dc0247391f402be7bf151d3afefe3b7d06eafaeaca08d62b7fb7edf310724a2846650bb892003dfa57d77f146dbe287853e29f876e3e1d69f7b3b786348b3b5468a091e26ca6f9509518656dd8619fd4578b9b57ad19e1e31a8a134a52d6c93b5972bbdec9f36b67a6fd0ebc1420e355b8b946e969ab57bbbaf4b13fecd5f08bc23e1c5b0d43e26468dabf8c239adb48b19a357d90f9659ae1d1c100b6004247718e4f1e27f09ff650f1bfc4bd62e52fc9d2b49b49a5824bc9533be488b295890e37f2393c0033ce78ad5f17f887e336a7f142dfe2cebba1dedb5cda4b1490442098451a4246235257214f39fa9af72f047c62f167c44f1e7893e226b9bac2c7c37a35dcd6564a488e19241b14b0c0dce49396c7b0c0af1abfd7e82a989c3d78b75146eef7e595eca305db54aefb5f767a14de1aa3851ab4da516ecad6bab5ef27f27a79d8fcfef15eade21d5e78f4bd7b509b504d281b4b63239658e28c9016307a2f19c571af6bc1c0af51f0df81b5cf18dc4d0e96d6e8d0a8791ee6e22b75009ec6565dc73d864d616b9a0dc681a9cda45dbc32c909019ede459633919f95d0953f857ddc27052f611dd743e71a95bda4b6679dcd698ed4697a9eb3e19d560d7bc3b75358df5ab8786e2ddcc7246c3a1565208aed34cf0e6ade22d4e2d1742b692eeeee1b6c7144a59989f403fc8afa5eebf62df881a47852f3c55e219edd7ec3019e5b4b791659d540e72aa7b77c671596231b468b50a92d5f43a30f85ab5939535a2ea7bbfc34fdb5be1b7c7af0a27c08fdba34c8753d3e7023b6d7826d9607230af2941ba371ff003da3c7fb6a464d7c45fb637ec0be34fd9b48f1ff0083673e26f015f6d7b5d560c398564fb8b71b32a3391b655f91ff00d9276d7855e5b0591d40db827835f6ff00ec93fb67eabf0495be177c4e87fe120f87da9ee82eac675f34db24bc3b42ad90c8739788f0dc95c1eb73a57d6210add247e475257e9ffedcff00b0ee99f0af4f83f683fd9fa6fed9f871aded991a16327d80ca7e552dd4c24f0ac7953f23f3827f302b9ce80a28a2803fffd1fe7fe8a2bbef85df0dfc51f17fe21691f0d3c190f9fa96b37296f0aff0aee3f33b11d11172cc7b2826803eb1fd847f642b9fda7be20cbaaf8b18d97823c398b8d66f18ec56551bc5ba39e033804b37f0265baedcfd0ffb667ed576bf17efadbe12fc2551a67c3df0e6db7b1b5807971dc987e55999463e4007ee94f41f31f98f1ed3fb5d78dbc2bfb30fc21d33f616f827360c30a4fe25be8f879e5940631b91fc529c338ed1ec4e9915f95f0459238ae8a50b6ace7ab53a20861e702b5e1b738e69f05bf19ad7b7b71c56e91ccd9bde0cb71ff09259338caa4aae47b27cdfd2bd0bc19a65c6b1e2500abc934ac64603a92c739270c7f215ca785a258f5b81ba6770fcd48af45f0b5eda5b6b8352b8d763d22d308362ff00ad9580c6d1b4120578799c5cab45791f4993548c30d525d6e7d656fe19f13783ecadbc4b62d2432dbb078d949c861d0e0e0e47ae3dabcffe257c391f133fe2e2f80ecc0be96458f55b0886365c3f49e31d3cb97b81c2b7b1e3db7c213783fc5562534bd46e2e6ecaff00ad94cca7e8a36903f1e29fe19f8710681af4dac6a3aac93452c6f14b6b0a6e122b8f9848e4eddbec3a750457c963f88e865551cdced25d3b9ecd2ca2798535094747d7b1e25e17fd8cfe366bdb6592d6df4f039ff48b840ebee550bb0afacb4efd9cbe3fcb1a41adfc499a00a02ed83ce7c01ee4a5360f8d1f0ffe15690349d3eea2b68a2e597cc69a4cfabb13cfe24d709a97fc1403e1e6947699de420f41b17f99cd7c8e2b8cb38cc1df0d87bae9ee27ff00a55ff33d2a5c2985c2af7ea5bd656fc8f4abbfd9e7f697b0533f85fe219bf9492563b9dc9bb1e85c48a0fb1c0af06f8a56bfb58f873c33a8683e3fd2c5cd85ec5e4cd7715b472fc99cff00ad8471ff00021c57416bff000521f87de785756c8e73bd38e3ad7bbf853fe0a05f0ab582b1dc4af0ab7cbb980208f5e0f4abc2f11e618692a99865ca5677bf22baf9a39ebf0ffb54e384aff253fd1b3f2bb4197c27676773a778af4837ab37cd1dc43298ae2160081b73ba36527aab2e7d08ae7bc3be06d5fc5da92e95a4463731cb3b7ca88bdd98f602bf5c7c69e07fd9fbf681b29352f074f6361acb0dc92c7854763da58d0ae41f50037d7a578a0f817e35f03dcc5e1fb8b457b397066bf87e68a63d94639445eca719ea4935f6186e3ec16262d61af1ab2dd4ba7a27fa58f121c2b5a1514716ed15e5abfebe64bf07bc05e18f0358f93e1c559ae25f967bd7c2c92f3f75327e44f61c9ef5ade23d78e83e36b7b30bb44b6f3890600050c2fbb9190463d4d7d35e0bf08b6996a9e6da8ba882e0f9676b0fa0cff5af92ff0068e874bd37fb43c57a3a98fc9b1b88d891b195e6fdcaab2740ff0039395e1ba8a2973d4a906dddc9a3d9fdd53a551256518bb1f91f7f179b3bc87f88935cecb0e32457697310c7d2b9db98faf15fa29f9cdee7db3fb157ed6169f08751b8f83ff1700d4be1ef89375bdddbdc0f323b469be569429cfeedb3895476f987239f9e3f6f3fd8fee7f65ff88b1ea7e152d79e0af1166e347bb077aa02371b7671905901051bf8d307a86c7894f181915fac9fb21f8dbc2ffb56fc15d57f619f8d5306b81034fe1bbe93992268812a8a4f25a03f328fe288b27415cf569fda474d1a9f659f82d495ddfc4df875e27f849e3fd5be1b78ce0fb3ea5a35cbdb4cbd8953c3a9ee8eb8653dd4835c25739d27ffd2fe7febf6dffe09f7e0dd17f66bfd9ebc53fb73f8eed95efe589f4df0e4328c6f6276175cff00cf597e4c8e4223f635f905f0cbc01adfc54f887a2fc38f0e2eebdd6ef21b38b8ce0cac14b1f651963ec0d7ec87fc1473c61a2f85aefc29fb27f809bcbd13c0d61099a35e8d72f1858f763ab2c5f31ff6a435708f33b11525caae7e6debfaf6b7e31f10df78afc4970d75a86a53bdcdc4cfd5e4909663f99e0761c532de0e2a1822e95b16f082715d96389b27b787a56e5bc23a9a86de0c1e6ba0b5b62f80075aaf3662d9d7781bc31abebba8493e90aa4d842f7523c9c2288c6464ff00b4d8503b935d6fc22f84ba9f8b920f883ad5b2d8694dfbc5927c9762c721205046f6c7f17415f57785be17e9fe02f87b63378a657852e644baba823e25bb940dd15b03d44680e5fdc915f3dfc67fda38783cad85908df5109b2d6d62f963b641f2aaaaaf0a07e67f5afcc73ae21c4632b4b0595c6f3d93ecbabfbcfd0f27c9a9e1a82c4e36568eed79f448f6cf16fc42f06fc2fd2c7f6d3f932118b7b189b37131ec652391fee8e6be3ff13fc75f8c1e3c77d2344b26b3b62d8445054ed23e5da1490739ea7ad79d689e14f11788af3fe12ef162b5edd4c49712f3e596e54c633f88e3a8ea735ee9abe807c11a30baf3a1d25244f9a694956620744ebc649fff0058acb2ce17c3619fb5c4fef2abeaf55f24746333cab517261fdc82edbfcd9e75a37ecfdaa6b129b9f186b3223b139b2670c5bfbc78c003f0cff3acbf157c0af86ba2e9d22d9cf36a17436a42912e0c8cc4018f7fad7befc19f1b784bc3be307bbd57553a969770305da091a40c7f8801190df373eff8d45e22f0f13f1f2cf56f87ceb79a25c4be6eeb7c858d9865a2653cc64364a8603b6335f59ef52df45e9647cfb6aabeefd6e78b6a3fb3afc3bd4fc2377ab68d2cb15d692c2dafa29789967c02ad8e9b0b7cbfafa5739a07ecd9a66abe0bd4fc5167aa1d3c5af96b1cd213b44ce81c4440e4e7380c3bd7e88fc42f84bafea97dadf8dfc1302c505ee90cfaccf70156386e2d8a6c654ead238ce3b6466bcf3e08f80fc41acfc34d0746d76c4cda7ea9ab9b89b0bf3886de22d109138601d8633dc018ace58b4a1772ea5470cf9ac9743e14f0ff0084fe39786f4c8fc47e1a76d4205c9dd0b1246d3b7b6181cf6e6bec0f82ff00b79f8dbc2732787fc5ead756d137972adcf04b775463c1c7a1e4f5af55f1d786353f0a7c7ad3bc1da7c7f63835d892611c20a050ecdb8841d0718e40c75ae47f680f83767e20d54f87ad2d259658a3dd1cd6d17dd07aa964c6e39ec467be6bc6cc726c0e671b6229abf75a347ab85ccf1185b41be68f67aa3f46fc21e3df0bfc63d17edbf0bf583a46a58cb4240620fa05247f515f15fed85e2bf114fa3daf8675f555b99e7667611f96ed15b7ca0b0efbe4248cff0076bf36348f11fc4af803e2c8e0b89a780c6dba29031cedcfa9fa72a6bf4cf4bf18f837f6cef0743a1ead345a7f8cec22c59dcb1c25c0ef149ec4f43d54fb66bc5cbead5c831508e612e7a1d27d637db9bcbcfa1d998e1963f0739e5ebdeeb1ebe76ee7e695d40149ac0b88720e057a878afc37aaf85f58b9d035db76b6bbb491a29627186565e08ff3d6b829e1e4fa57eba9a92528bba67e65aa76671b3c19e6adf85fc4daf780fc53a7f8d3c2d39b6d4b4bb84b9b7957f85e3391f81e8477048ab57518e715853c78e6932d33f4affe0a2be08d07f687f80fe14fdbabe1f5baa4f2c31d86bf147c946cec567c778a506224f25593b0afc45afdd5ff00826ff8ab46f1f697e33fd907c78fe6691e2fb09a6b546e424e1364db33d18a6d907a18f35f8b5f107c13adfc36f1ceaff0ff00c46863bed1af26b39d4f1f3c2e5091ec7191ec6b8a71b3b1df09732b9fffd3f9abfe090bf0e34fd57e376b7f1a3c4200d3bc0da5c971bd870b3dc2b206cf4f962594fe55f307c48f1bea1f143e236b7f1135524cdacdecd7641fe15918945fa2ae147d2bef3fd9923ff8541ff04baf1dfc428ff757be33d45b4f85fa1311296b81ec019be9cd7e6e4099e95d1457539abbe85f8538ad9b58f3d6b3ade324735bb6cbd05741cb2669db464906bea0fd9b7c036fe30f1d26a5ac0034cd153ed974cc3e53b0fc89f566c71e80d7cdf691f22bf4afe1868565f0f3e0c4726a0365c6aa82fee73c128495813e9b72ff005af9ce2ccdbfb3b013a91f89e8be67b3c3796fd7f190a6f65ab3c7bf693f8bf26896d2f8a271baee7cdbe99684f0a0e7e723f324ff0088af84fe1ef8734717d378dfc6f77e75c06df2349c6e63d949e38ec2b9cf8abf10ee3e22fc47bdd6e572d6d68c6dad54f4548ce0b7e27f4c5721a6a5f78cee7ecb0826c2d01f979f9cf527ea6bc4e1dc95e130dcd5bf893d64ff004f447d067399aad5b9297c11d17f9fccfaae4f8d7e00826862f0f932b79ab1ab14daac0f0467046f076f3d319e6be53f8a1f13eebc67e2db8bdbd24470b98e2881ca4614e085fa9c9af50f0978d354f0218ee6ceca392c25237c52aae78e091c75af983c63a52e97e25bcb24e144acd193d1a373b91b3eea457bd82a2a3525268f2b1955ca9c629e9d4f68f0478cad2d9561770841c83e95f4d783be215c695ad45aee9b3f937110f92453f9ab0e8ca7a329e08afcdf80dd42f98c1fc2bb0d33c4bac69ce137b2291d0d7a92719c5c26ae8f2e29c64a707a9fb490fed3bad68d3aeb96c23b88f548429dec8c2278c9568bca62aa446790ed9dc08fc20f0ef8e6f349b58fc67a6ebe9a85ecf703cc866060655c9638ce636dbfec9c81db15f337c29f02e91e2df0b68cfae89a6d4ca315863c124c92171bb9006010393eddabd3fe227c1cb4f00d8d8789a6b49e3899765cc728ca40d2602b8da704678ddd06466be12aba10bd18cb776f95cfb6a6aacdaa928f4fc6c787fc59fda97c41f153e221d49645b4b7813ec8ad17123c6a790d27deda4f3b4100f7cf6e9fc1dafd9492a390a724727afe75f9d5ab4973a1ea72e9df75e0728dfef0383fad75de1df893abe94a487385c707bd7dbe16953a34d5382d0f8dc4549d59b9cdea7eb5ebda77827e217874f87be20626b1703cbbb73fbeb273f2acde67de68949f9d189c2e48c6083f1af8bbe17fc58fd977c516b7daf40f6f68f395b3be89d5a2999006f95909c3004120e3835c641f1675ebfd224b16640b344c855b3c86046315f4a7c7bf835e30bef0143ab497b1dd1b65fb6c091c8de5c6be52ee87cbc90ae17bf535e0e694694a6a84ad69df43e8f23c5d5a37adfcb6fbbfe01ed1e386b0fda67e108f8afa4228f137876258f538d7adc5aa8e25c0ead1f53fece7d057c15771904815e8dfb1c7c5b9bc11f11ece2b96dd657c7ecf731b7468e4f95811f8d743f1d3c031fc3af89dac7856db3f668672f6c4f782502488e7bfc8c2b0e12c4cf0f3ab92d677e4d61fe07d3fedd7a7a3472f1765f084e198505eed4dfd7fe0ee7ced7086b0a74e48aeb2e63c1ae7eed71cd7da9f2299d6fc1af88579f097e2d787be23d992a747bf8677038dd16edb2aff00c0a32c3f1afa23fe0aeff0bed3c2bfb4659fc4ed1029d3fc6ba745781d470d3c004521ff00812796df89af8be6457041efd6bf4c7f6c7ddf17bfe09b7f0b7e2d4a7cdbdf0e5d0d32e243cb6d28f6ed93eed0464fb9ae6acb6675e1dee8ffd4e4fe3aa0f047fc1363e0df81201e5ff6b48350907a9292ce73ff00029c1afccfb75ed5fa7dfb7546b65fb377c07d2a2ff56ba0a498f7fb25a7f8d7e6340326bae92f74e2acfde3521e800adeb54e066b1a05239ae82d57915b239a4765e16d2bfb5f5eb1d2cffcbccf1c5f83b05feb5f65fed25e317d2fc39ac2581f2e2b4b5db185ec2340a83e9c9af943e1ec8b6be33d2ae24fbab7709ffc7c57b1fc7c2f7be1cf12dac7f348b6c48fa6dffeb57c0719ae7af86a73f86ebff4a47da709fbb4abce3bd9fe47e5af86742d575e7166a5917396daa496cf3d862bea3f0868117856589ae7315bb45b704e0283d4900753f5fad7817847c6a7c2379bd7704980dccac57a7ba91fad75be23f12ebde3c61a6f8604ecbd4bf964a73eae38fcebe97de7e8795eeaf53d3f5af0cda4a925d697aa40616fbb0cdb4e3e8c391f8835e43ae69165ae247a76a72059a15221b9817ccda99e1245072541c9047ccbee381b1a4783aeb4492393c45756526ee19669412bff00014c9afa6bc25a3787e1b41169090ccd21caadbc2c14bf60ccc17fad64fbc0d13e933e146f87dac5abaed9ada6463852b3a027d3e562adf86335f5f7c05fd8dbc51f117508eff5b64b68c7cd146e482e33d791d07d306be90d37e195969f2c3aeea9a7deea778ccbb984b05944003caa1396031d72412075aedfe1bdad8681a9c17103e9564f61a84b342d777d3de48239182bb840ca370e1554e40eb5e3e638eaf283a74dd8f5f0183a2a5ed24afea783fc48d17e257ec8bf1163d4f57d266834b5dbb2e4a34b6f286c636ba606e1d08620f7e6bdd7c41f1b62f889a42f81afd7edf3eae8df67b7b482592429b46fe173d9b18ee6bf4235df1378335bf085de83e37dbaae9d7b098278ca18e3e4618a86c9c8fe123383debe55fd88af3e1a7c3eb8d6a5d3aee5d4669af678e29e4c33456e8e42055ea772806461c920715c72c1c2a538ce4bde5d7fe09db0cc1c1ca36bdf6fd743f3fbe3dfec67f107c23a72f8eecedda6865453379836b648f97cc0785900e1b270c4641dc48af8725f0678a6d2729369b72ac3aed85ffa0fe55fd437c71b4bef1ada3be9f14f79671432296d36e23dfbdfe53be09460ec196041ec460d7c8ba4fecb7e11bbd65f50f0b3add3ab31bdb2b98a6b37453dd222763f1d76e01ea05560738ad493a35bde6ba9cf8acb6955b568fbb7e87e6bfc03f80d73aef896cf59f1ea1d3f4a8e40e4ca8f99594fca9d081ce321882474afd90d5be1ce98bf09f519ac2d6e8450856b68e45d8b34880b3ba27521946083c9c578cf89b4af887f02c7dbfc177167369c4031e9f2a191fe919cab11ec738af6bfd9f7e3e4df1d6c350f0f789adce9f756c488626468c07190186e3c807ae0d2af527567ede7d3f02a94234a1eca9ffc39f85977a7c5e16f8c4f69a6656096713440f042b1ce31d463a57de1fb5dda89b5df0df885bfd66a3a25bb39f568d9a3fe400ae1fe337c2bd36dff006b0d3ec6d19d8dc02d24580db197391c3640c9e0e315f45fed53f0cfc63e21bed0dfc3fa6dd5d59e97a6450334518237bc8e428cb72c723800f51eb5961717059f5157b7eea4dfcdab7e2879bd294f284ad76a7a7dc7e6bdd0e2b9db95241aedf5ed36eb48bd974dd42096da7858abc732957561d9948041f6ae46715fa35efa9f9f239995706bf4ebe1d47178f3fe094ff12fc2971f33f87b50fb6c5fecaabdbdc71f5224fcebf33a75c9e2bf4dbf641417bfb14fc7cd2e4fbbfd9c641ff8092fff00122b1acbdd3a683f78ffd5c3fdba585ffecd5f01f5787ee1d0923cfbfd92d7ff0089afcc680722bf4abe3338f1effc133fe1078ea03e61d166fecf90f5236acb6e73f8c207e22bf35edcf22bae97c27156f88dab704e335bb6fc560427a015bd6acc08c1c56c8e66761a57da219a2bb4f97ca60e18f0320e475afabb5ad2ecbc5bab5c5bc72178f57b138c70092b9e09f63e95f2569d0cd77288e2059bafd07a93d87b9af6cb2f158d2bc3b6f358b2cf79a5b8209cecdb9c8c742c7b7a74eb5f21c6781957c32ad4b78ff4bf147d470a63234b10e954da5fd7e47c1b6de1dd5ae0dce95616896efa74af0c92c807ca50e3264978078ed835d37848f83a09bcbd5af66d5af22ce521c98d7fe06f8503fdd5c7bd7a1fc7db0bbbad420f8a36acf2d9dda85b8817eec0febe881bbe06735e22b68b22aead6c988460f9487ef1f4dbdcfab31e3dfa5699763638dc3c6aaebbaecfaa66b8dc2bc357707d3f15d19ec8b2dbc9706e34cd3e3794fdd64f9f60f791b803fdd1f526b757c49e25b181275b8091c3ce623b5723aaf984124fb2035c4e83e29fb522da6af088b0331daaf0303a34878fc0753ec2bd03fb4ac7e46ba1be438d831f2a77e07403d057a1452f859c359bbf3236e0f88fe1dd45125bfb551747fd5ade4b2927d309b8a8f519e7bf02bb7f087c63b7d0ef124d12da07bd4468b669f6eaa769278dec09c64939c827a93d2b81b6d3f40bd26e8ed6639c1f427a9cfa9ef5db78726d17c3cc2e6d6250d1f4c0e4d44f054dbbb2a18da89591f527873e1d78ff00e2e5a993c63a83d859dcae45a40d991c74f9df39c73d07d2b06d7f65ef1e7c21b71e33f84d29b851fbd9ac243c4801ea87b30ae93e1a7c576d1d25baba6dd2852e573c28519083d81feb5f65780fe245acbe13b7bdbc1e63abc6b267fbb2f0dd7d3afe15c356f0972f43b29cb9a37ea7c9da07c7cd1bc58eb6fad5a20d42c86d75766b5b9122ff000f989d7924723f135f4ff823e225be97631096f2f64ca7eeacee8c570c48ea15d7e7207f11ea3d08ae7bc59f047e1af8d7c4c7c42b045e76eebc0cfbf1f5aeb2cfc05e02f04e8ed0d9c2892280199796040c2bfe1d335e555c2c54bda267a30c4b7054da3e64f8e5ad596bfe21b59b53d3c5ea918db1101c0cf3b01e1b1e80e7d8572b0781ff00e15a6a317c56f857ad2dbe63db3e9174c46f3fec03c7e0055ff8abac691309f4f84a0d51ff00d5b49858ee0ffb58e44807461827d7a1af92f50f0df89bc62614be9db51be66096f6b1b8335a8271e6b1182e8bd7e6008e991df9bda4637ab52568adfd0ed54e4d469c2379743debe05e81e29f197c6dbaf889e2fb58dc40a7122f050b0dce848f95b1c0ed8af9eedff6b1f10587c6792f35a9e46b7b7bb76db9ca9009dab8fee818fa75afd0bf087d9be00fc219c6ab39bf786355f31b05e4b897841cf520e5981e8075afc17f125adccbe399f75a4ecf24ec7b9dc493c8f51debcde16ff854ab8accea2f727eec34b691fd1dcd33ba9f53f638383d63abf567ea37edabad787bc7de25f0ff008d3494486eb52d311e7db8dce55d950b67193b4019ebc57927c32f0c7c06b31241f1664bbbebf61ff1ed67279622047b2b3338efd003c735c87c53d7f4df0ef85f41d62f0bb4f1e97045079854e5d9a42ccc3b1427f138af923c053f8af59f18db0d13cc96ea79805619cbe4f3cfd2bee39a7f5585384dab25af767cb428d3facce75217bb765d91f5bfed17f00eff00e0cea3a76a96ac64d1b5c8da6b26760d2c6148cc529000dea0a9240c1cfd6bea7fd91c8d3bf623f8f7ac4bc2b69ed183f4b597ff008a15f29fed01f18efbc7e9a5783965f3ecf408d904a0e4493c9832b2ff00b030154f7033debea8f054f1f807fe0947f113c4d3fcb2f88f52fb1c5fed2b496f071f4c49f957a586755e1e3f58f8ba9e7578d258897b0f84ffd6e03f651907c5ff00f82647c43f86710f36fbc237cda8c29d488fe4b9040f7d9301ea735f9c96ed9c1afaebfe0911f136c3c3bf1ff52f84be2020e9de38d364b428c7869e00d220ff008146655fa915e07f15be1fdefc29f8a1af7c39d4010fa3decb6ea4ff00146ad98dbe8c855bf1ae8a0fa1cb888ecce72dce066b7ac46f600f03b9ae6617e00addb56e41ae847248eda1ba6d9f66806d8fb8eedeedebec3a0ae86cae7ec870b8248c37d3d3ff00af5c5da48c582a72c7818eb5f49784fe09eb37766357f13992d22dbbd608977dc38f75e89ff02e7dab971d8ba187a6d625e8fa77f91d183c2d7af517d596abaf6f99e517105e7846341ac422eb48d5a3de5787043641c8ec477af05f187c39d57c30f278afc08c751d2d8ee112fcd243f51dd5474c57d19f12bc4be1ff00b28f0e58dacd689621b6f984990e4f25b3db3ce0002bc9fc0baa5dc5ab5c790fba28ed67982a9f919a34cae71d067a8fc2bf39c053ad0c4b96074527b3d9af3ecedd4fd171aa9bc32fae6ad2dd6e9f5b791e27a5f89ec35128977188dd725891cb1f43ce49f5cd74736a97bb8c96ae25524f53c1cf1939e83d3dabcdf5bd42e358ba9f54bfdad348c4b15554e7e8a00af3f91dbcc3c9eb5fa07d52d6949ea7c37d6eeda4b43e95b5d5ef430273c1c2ac6d91f976aeded352d52202630cacc39e158e3f4af9c6dbc11e3581e6f32c27436d07da65078290ee09bc8ce7058f1ea391c0cd7d1be00f06fc40d36f960f266471298885b84e1d577329c49d55796f4ef8a99525dcb8d469dec6ec1e3eb9b6916d664742e79dc08cfe75eeda47c58d6ee6d63d3da7fb35ba61b6ff000fcbdc9f518adcb8b8d62c7c3c21d6431f362dca25db2641e879ddc1fd6be6bd3be2469fa1ade45e230b242a1bece15071283901b1d548c823d2bcead84d39ae7a14717f66c7dbf65f17a2f0e2f97aedddc2924fdd195e470c0ff1020f38edce2a2f15fc5ef106a51bff006740ed688bf2cd186322e78208079033d7b7b57c8507c7ad36f34f8f46d1ec8cccb8f251d770c9ce2305baedce14f7180476af42f00587c53b8b84d5f5c922d2b4d5f9b63e4c840fee83f70ede324938ec6be7b33c4d1c2479b1334bcbabf447b980a552bcbf730bf9f446ce99a4ebbf11751fb2f86edc6a97c8732ccecc82dd5b80ce1f850307a124f415f4f7c3bf07693e05bc173a3baea3e25902a5d5c9c05031f780e8147423bf53d6b85d4be2d5ade409e14f87307d8eddb0acd18cc933e31b9dbab1f73547e205bf8dbe1e68907871aca6b493588c3c976dd1d1fac6afea7f8f2720718c57e7f3fad71162a39727eca9bd6d7d6cb772efe515f3ee7d4cdd2c970cf195573cf65eafa2fd5995f1bfe28c5e20d6bfb0b45657d2ec11983a8cacf70dc3498e98ce157d31915f9f7e34bd92ebc4f0cb2dcf92d1a02c072405fd074afba2decbe1e7872cb66af7524d3ac5bde28f680db8e30588385f4ee6b22fff00675f837e23f0ccb7be18b9b8b3b8b85110fdf79aa1a66c2efdcb82a19870a72057e9b46a61f070861a845aa71565a7e2fd773e2bd856afcd5aac939c9ddff97c8f822ec7893c793c363019afad90f969bfe62a8189daa3d0127a0afae3fe150ea7f04fe0dffc25fa5e9f742f75c66b7375b4b25adb8003fcdfc0f313b41fee83eb5ec5e04f03f853e15787ed34ab8b77b8b8b65688cb2461d5e4c9dce083f733c05f4e4d7df1f08f44d1bc6fe14b9f01f8882badfda186481b6f952a32e63645fe13192083c60d4d5cc792a5395bdc4ca582e6a5357f79adcfe7de738cbb1fad7e907edb6c7e11ff00c13c7e14fc1c93f757baf5c0d52e63e876aa34ed91ea1ee107e15f2d780fe0c6abe32fda2f4df82d2c6cb2dc6aa2d6e171ca431b96998ffbb1ab1aec7fe0ad9f14adbc69fb4d2f8034765fecef05d845a7a227dd59e41e6cb8fa02887fdcafafab3524ac7ca51838b773ffd7fc2ff87fe36d6fe1b78e748f1ff86e4315fe8d770de40c0e3e785c3007d8e307d8d7ed9ffc142fc31a37c44d13c1dfb60f80137e93e2eb0861bc65e7cbb80bba2de4746dbba26f468f15f8395fb61ff04dcf88fe1df8dff097c4ff00b09fc4cb808ba8c32dee812c9c98e51f3c8899ef1c804ca0751e655425caee44e3ccac7e7ec121e99af43f0af847c47e29709a2dabc8990ad29f9625ff0079db0a31f5ae9edbe06f8afc3fe39d43c2fe3d80e9d168972f05e3bf019a3fe18bbbef182a471b4e735e913f88345d3decedb4c591a4903b40b21db1470c40e5d225f9704f009dc739393d6bcaccb3c74ab4707845cd37bf65ea7a197e49ed694b178a7cb05b777e87a8786746f03fc238e2731c1ac6b8a54bcaef88e2246408c75fa1ebefda96e7f68ff18cb38b25d3ed608f93e5aa067639ee483938fcebe49d63598acafa6b78d8497cccb24924adcbb31c00a39181e95d1e89e20d76075f2ee05a863b412d9000e873ce0038cd79f569b7272a9abeef73d3a2e2a2a34d5976456fda4b3e2ed2a3f14a4a2d2f213f3aae44663279f93fbc33e95f146a571e26f0f4ebfe90ca2453878be50ebdc36319fa1afd10f166b96373e139acb55b982f3cc5219810c0f1ce3d39af8b3c6725bdc7837ed0a0060ca00f6cd6f85c54e9b853e8dd8cb1385854539f54ae7171dc0b8b0694f56eb5c94840726b6f4e7ce9cca3a57a9c7f06256777bed4912359a18b31a86dc25fbcca0b2ee11964562380588fe1afa793f751f3315ef347a269d6ff001d27bcb8992ee1f3a6d345fdc1c65e4b308563490aa12e36bb048ce71b7b616bd3bc08bf12e3f108167abd9dec82ebcd6dc65d924d7f10c8c346bb888b9c0e55738af1eb1f02eb46ded9c788ae1a1916da6711fcde4191fca21cf9810346a53e5ddb8eee060135ec1e0cf05f89e1b5b59fc3be269e2b4b96131ddc05753e5a34815caa9d89d58e40da318606b96474a3baf1078df50d474dfb35f98a46b68c40b24408f9631b40e7b63d874af9e3c17a7c3e29d5afb4eb99a3b741f3992550c140eb853d4d7d2337c2dd535eb29ee74dd5a1bd8f3b04c7fbc5b69f3304ed009396e47191915e49f03bc06bad7c49d67c2dabc5e69b547de32c30d1b6d2460a9fcf8f6af0f88315f56c0d4af176e5eabd7ccf6723c3aaf8ca74a6ae99e89e1fd53e1b781a09ee7c3511bcbc84889ae648c90188242860bb5720138c8ac893c57e26f1ddff00d96ddd9a3271b6319ffeb0fc6bd47c2df0a2cf51d26fb4a9a33206bd5b860e493c79b1807e8057d01e15f00683e188176c48a57a6057e398dcdb0d42729c139d4ef2773f58c26065ca93b28f646bfc04f85565e1f8d35cd51019d70416e71f9d7d09fb41f8ef4dd0be036bef78893660114218060257f950ae73c8eb91e95e4ade39b0d36336cf2048a2f9ddbb055af88fe3d7c5f9fe2069f2f87124220621a38c1e140fbbff000223927df1dabe5f23c2633199ac31936f9534dbf2bec75e734693c35a5bd9d91f326b9e36d42f58dede4eb19993649b78181f77728f4ac483e344be1c821b98eedee24b771242a84840eb90ac463042f5c1ae12e6fad149b0d746c9871939c3e3a11fd6b86d76c85cca22b05dc3ae47f4afe95a7461512e6d8fc5ea559d393e5d19f62fc38f8cbadca069cf3ace973f319a5e81b3d46ec73d78afd54fd9475ab0b4be96ff0050bb27ce8cc536f2b80c0e4329eca48c05ec6bf037c14352f323d3c2875cfca8c0ee563e98e7e6afd02d0fc2ff001020fec4f85da5c6c7c57e28318b3822385b58a5620bc8324962819998fdd404f7af3f1982856a91a11766ff00247661f192a749d592d0fbfbe0dcbe0ef087c42f8bbfb71eb2aada1787c5cdb696e7eecf2900c8633eae7644beee457f385e31f15eb3e3bf16ea7e35f114a66bfd5aea5bbb8727ef49339763f99afd83ff008297fc4bf0efc22f86fe17fd863e1ace1e1d1618af75d953832ce46f8d1f1fc4eecd3b83d329e95f8af5f4115ca945743c16eedb3fffd0fe7febacf0278dbc49f0dfc65a678f7c21706d753d22e23bab6947f0bc672323b83d1877048ae4e8a00fe8f3e30ea1a57edadfb34da7ed3ff08e3035ed2e21078834d88e644f2c032f1f798c63e643fc511f518afca1f12788fcef1e5b92e6348f4e1146471c000e07b1ef5cefec67fb5978a3f64ef8a51f89ecc3de683a86d8357d3c1e27833f7d41e04b1e4943df953c31afbbff006defd9cbc3b7da469dfb617ece0cbaa7823524f3aed2d467ec2643f33ec1cac7b8e1948fdd3641c0c63cb965f18627eb305beffe67a51c74a587fab4dedb7f91f045bc369a9f88a3d46ef82cc40727e58c29c91eb5ee5a0c135c5e6cb7962e72369c02150e180e786c60e3bd78058de79004e144b1be491f5e335dbe851784ef6e1a4bc884458ee2390781d7767ad18aa77d4ac354e87ae7c4e6f06dbf83e4b7b858e6ba00fef6350b903a7a1047b57c4be28ba127861a25e06e5e3e95e89f14355f0cc85ecf4576db1a30dd9661bb8201ea01fad787eb5ab432d80b187e72d825b3c0c76f7ac686165cd0767a3b9d157131509ddad7421d308160d8adef08695a578875a7d375dd4c6990989dc4f21f9432e1b0477dc338008c9c5616963fe25ec4f735e85a647f0d3fb3aca5d5dd167f93ed2a04ccdb039de54a8dbe630c000fcaabdc935f48fe147ccc7e26768be07f8670da85b4d7567702e04aa26558d59066076240dca70d909b9b25460735d2f803c33e0ebfd0ed2ff59d53ec8f2ac8658fcf8c3655800e139f9557f84e1ddbeef1cd737a34bfb3ec5345f6f59da27080edf37cd57380ecdfc055460855e490e09195ad0f06c9f0d9b459df5131c778669fc85713b2946ff57e66c1f28419da064b311bb007381ba3d13c4da749e1cd359f4bbe592079a684f95731b928adfbb25636270cbc924633c75e2ba1fd94b5996d3e2edf4f72e6467b271963938cae3afb55c893e047f65b185e472877625f3033282d950148193c632471d79af3bfd9f6fbec9f14e7940c6fb47181db95af9be2ca7ed32ac442dd0f7b869f2e6345f9fe87ddfe10d7e287c53afdb2f02391481ecc59bfa9ad1d77c4e615690363e95e35a16a053c6be20727aadb9fcc1accf146b4d1dbb866f5afc4259773e212f28fe48fd7e188e5a7cdebf99c1f8f7e21ddcda91d26ddf0260437fba3b7e35f3f6aba948ba999e4390e4a93e99c11593e20d699fc651b93c007f538ad6bcb64bc5dd8cef183fe7d6bf4bc26029e0e108a5a347ca6271b3c4b9493d9952f6db4ed523f23528d6407b9ff003c5655b7817c3a24262bab8b6f4c6d907eb8357adf4bd5bccf2ed53ed0a3b74615d2699e13f126a170b12d8cb927b8007e64e2bb1e29d04f92ad97afe8ce07858621de74eefd0fa4ff0066af00782afbc4f1b6ad2cb782052434aaa9196ed955e5b07b138afd159748f0a7ec3de1cf157ed7bf13675d4b5ed55458f85eca52378578c6d4c606dc904b91f7625f56c579ff00ec93f02746f87fe13bafda2be3d5c47a4f85b468ccf1aca789d90f04f7650dc2a8cef6c019afc98fdb47f6b2f12fed65f15a5f13dcefb5d034f2d068f604f10c19e5dc0e0cb2e0339edc28e1457570ee02bfb7a9996226da92b453ed7bdfcafe5fe478fc418aa1c90c0d08af75dddbbf6f91f3378dbc65e22f889e2fd4bc75e2db86bbd4f56b892eae656ead248db8fd00e80740302b98a4a2bebcf973ffd1fe7fe8a28a002beecfd8aff6d9f137ecb7e209b40d7213ad782358629aa694f871871b5a5855fe5dfb78653f2c8bc37623e13a2803f6cff680fd8bf48f11f84ffe1a47f62cbb8f5df05ea0a6e26d2a2cbcd627ac82151f3ec43f7a261be3ec0af4fcb5b9b9ba5ba549a53bb3f7149c0f5ce6bb4fd98ff6b4f8b7fb2a78b7fe120f87d77e6d85c32fdbb4c9c936b74a3fbca3eeb81f7645c30f71907f576e7e1b7eca3ff051ad3ae3c6bf026ee1f047c496432dee8f73858ee5f1f33155e1813ff2da119ff9e89935c788a3296b07f23bb095e10d2a2f99f89be208ecb789e15d924879da719c9eff00ceb12fb478a2b3fb4862492060fbd7b87c64f809f16fe0878ccf867e2a68d3e992212219586eb7b8ff006a1947c8e3e8723b806b85b8d34dd5a88578c107f2ae6559d17084a5ea7654a31aca538c75e872b6a8b1d86cf4cd73ceca25cb0c807915d4cba56ad083184cafb15ac5fb0bbe730b9c7bd7acf194a4bdd678ab05562df323de07c41f85ca8af65a44be63491348af1c7b5a38d9cf92a437cabb4a82dc962093835dee97f12fe15b5cda4a7c3c7c98c6d9610a839dc877872c4b3285206e1ce79ea6be4b5b22a721187e357addee61388f78fa11fd4566eb40d15099f42f893c469ae3c771120458ade38b850a4951c938e3a938f6c0adaf814aadf12909fe3b390fe44578ce81a6789b5e9459d86e258e3e6741fcc57d61f09fe18eb5e16d6d7c43ae4d1a98e178846a771f9b07258002be6389f35c34705570ee7ef35648fa3e1dcaf11f5ba788e5f753d59e81a54acbe2df10391d3ecebff8e9ae37c63249e43e33c8aea3c39a9695a8ebfaec96d748659258c08f0771f2976b63b753547c4d67e744c0fa57e6f07ecf12b99748fe48fd0a6b9a8fbafbfe6cf87fc45be3d7158f0583007dc722bbdd22f45dda2b1ee39faf7ae7fe20e9724537da221f321dc3ea2bd13e05fc28f891f1a75e8f40f863a4cfaa4f211e6ec188a1cf1ba590e1117dd8fd335fa2ca1f58a109415d9f1b4eafb0ad3551d915e0bab8b421e2c381d9bfc7ad7ea07ecebfb3c59e99e0d93f681fda94a786bc1561189d20b9924596f3ba1285832a31c055c1793a018393a87e1c7ecc1ff04ffd261f1d7ed1b7d0f8bbc75b44b61a0dae1d237c6558a37607fe5aca028fe042457e4bfed49fb60fc5bfdab7c50354f1c5cfd9749b6626c749b7245b5b83c671ff002d2423ac8dcf6181c575e0f23836aa6295df6ff33ccc76792d69611d977ff23d4ff6dffdb8bc41fb516b91784fc2b1368de04d1d80d3f4e5c2194a0dab3ce178dd8e1107cb18e064924fc01452d7d11f36251451401fffd2fc00a4a28a0028a5a4a005ad0d2757d5740d4a0d6742b996caf2d9c490cf03b47246e3a32ba90548f506b3a8a00fd71f833ff054bd71bc3cbf0cbf6b6d020f883e1e7010dc4b1c66f517a65838f2e6207463b1fbef26bdfd7f651fd8f3f6a880eb7fb22f8e61d1f53946f3a16a4492a4ff000847227403d57cd5f4afc0fa9adee27b4992ead5da29632195d0956523a104720d65568c2a2b4d1ad3ad3a7ac19fa55f15bf616fda6fe164923eb5e19b8d42d23cff00a5699fe971103b9118322ffc09057c8975a35cd9ced69771b432a70c8e0ab0fa83cfe95ed5f097fe0a29fb5bfc1f8e2b1d1fc532eab6310016d75651789b4760f27ef547fbae2bed0b0ff82b4f82bc756eb67fb437c26d2b5ddc0079ed8a16fa88ee2390ff00e451f5ae1965d6fe1cac7743317ff2f2373f30e2d0a497f87ad74da6782ccec0bad7e9941fb49ffc1293c62a25d6fc17acf87667fbde423851ff007e6e187e4b5d25a78cff00e09253a89a1f136b363fec34378d8ffc977fe75e7e23018c6ad4a4beff00f807a187cc3089dea27fd7ccf8abc0fe0bb6b17595930deb5f4ad85dc460f21e35db8c723afeb5ebf17c5aff008253e890831789758bdc7f0ac1760fe7f674fe759d75fb6c7fc135bc1e85f40f0b6b7af48bd0488429ff00bfd70bfaad7c962f8371d8c9f3559c57cdff0091f47478b307878f2d3849fddfe678d69fe10d1f4bbbb8b9d1e0026bd6dcea809c9f6039e6bd6fc33fb2d7c6cf89330fec6d066b6b77e7ed17a3ecf1e0f7f9fe63ebf2a9ae2b5dff0082c0683e1981ad3e057c30d3b49201093de4818fb131c0919fc3cc3f5af887e2cffc145bf6b8f8bd14b63abf8a65d2ac65041b5d25459a6d3fc25e3fdeb0ff0079cd7a582e068c25ed31959c9f969f8ea79d8be319c97261a928af3d7fc8fd31f157ecc7fb1efecf98d77f6b6f1b437b7910de343d398f98e47f0948f33b03eb8897d4e2be64f8bbff000546bcd2bc34ff000bbf63af0ddbf803c3e80a0bb58e3fb638e9b9554148988eac4c8fdf7035f921737371793bdd5dc8d2cb212ccee4b3313d4927926a0afb6c36169e1e0a9d15647c96231553112e7aaeecd6d735dd6fc4dab4faf788ef26bfbeba7324d7170ed24b231ea59d8924fd4d64d145741ce1452d2500145145007fffd9', '6d506a532ab4c71318231646527d38d8cbe837be8fce91673a4cb9eaef1c0d0b', 15258, 192, 192, TIMESTAMPTZ '2026-01-05 12:00:00+00', NULL),
  -- Ben Roth (avatar2.jpg)
  ('a0000000-0000-0000-0000-000000000014', 'image/jpeg', '\xffd8ffe000104a46494600010100004800480000ffe1004c4578696600004d4d002a00000008000187690004000000010000001a000000000003a00100030000000100010000a002000400000001000000c0a003000400000001000000c000000000ffed003850686f746f73686f7020332e30003842494d04040000000000003842494d0425000000000010d41d8cd98f00b204e9800998ecf8427effc000110800c000c003012200021101031101ffc4001f0000010501010101010100000000000000000102030405060708090a0bffc400b5100002010303020403050504040000017d01020300041105122131410613516107227114328191a1082342b1c11552d1f02433627282090a161718191a25262728292a3435363738393a434445464748494a535455565758595a636465666768696a737475767778797a838485868788898a92939495969798999aa2a3a4a5a6a7a8a9aab2b3b4b5b6b7b8b9bac2c3c4c5c6c7c8c9cad2d3d4d5d6d7d8d9dae1e2e3e4e5e6e7e8e9eaf1f2f3f4f5f6f7f8f9faffc4001f0100030101010101010101010000000000000102030405060708090a0bffc400b51100020102040403040705040400010277000102031104052131061241510761711322328108144291a1b1c109233352f0156272d10a162434e125f11718191a262728292a35363738393a434445464748494a535455565758595a636465666768696a737475767778797a82838485868788898a92939495969798999aa2a3a4a5a6a7a8a9aab2b3b4b5b6b7b8b9bac2c3c4c5c6c7c8c9cad2d3d4d5d6d7d8d9dae2e3e4e5e6e7e8e9eaf2f3f4f5f6f7f8f9faffdb0043000202020202020402020406040404060806060606080a08080808080a0c0a0a0a0a0a0a0c0c0c0c0c0c0c0c0e0e0e0e0e0e101010101012121212121212121212ffdb00430103030305040508040408130d0b0d1313131313131313131313131313131313131313131313131313131313131313131313131313131313131313131313131313ffdd0004000cffda000c03010002110311003f00fe7fe8a28a0028a28a0029692bd3fe12fc19f89df1cbc571f82fe15e8f3eaf7ef82cb12fc912938df2c87091a0fef3103f1a00f30af58f855f02fe2f7c6fd5bfb17e15787af35a981c3b4119f2a3f79256c4683fde615fb19e02fd813f666fd9834fb7f15fed7fae2788f5f2a258fc3f6049855b1901c02b24bcff001398e3f6615d878d3f6e3f1a7f640f057c0cd26d3c0fa0c03cb863b48d3ce09ec4288e327fd95cff00b46ae306c89544b43e78f057fc122bc4fa4e9a9e23fda4bc6da57832cfef3431badc4d8ee0bbb47103fee97af55b1f823ff04b4f84d85d45f59f1f5e45d4ef90445bfed9fd9a3c7fc09bf1af98f5ad5bc43e2cd41f56f14df5c6a374fc996e64695cfe2c49acc5d3b1838a7c96dc4a773edeb1fda23f644f079dbf0fbe0869594fbb25e25bb31f424b4531cfe39aeaedff00e0a07358288f40f879a1d9c6380aa3a0f4f91107e95f0443a7ae324552d6aeadf41b07d4a742ca83a0eb59cb43447e8837fc140ae350429af7c3dd16ed31820f71e9f346f5cdde7ed09fb25f8d5bcbf885f0534a3bfef49691db86fae4451367f1cd7e53eabf1ca0b48209ecac0ca252e1833636ed38c700e78e6abdafed016048373a63afaed7cff35a9bb1e87e97eabf00bfe097bf163234e3ac780af25e855e431063ed27da6303e8547d2bc7fc6dff000485f136aba6bf887f670f1be97e30b4fbcb04acb6f2e3d0488d2444ff00bc53f0af95a1f8e9e0f9c017104d17fdf27fa8aeefc35f1e742d0af9353f0c6ab73a6dd272b2c2cd1b83f5434730ec9ec7c6ff0015fe02fc62f81daa7f647c56f0ede68b2138479a33e4c9ef1ccb98dffe02c6bc8abfa07f01ff00c1445af7476f06fc68b7b2f1a68738093477912898a74e77298e4ff812e7fdaae73c71fb05fecb9fb54e9b71e2ff00d8e35e8fc3fae8532c9a15e16f218f521036e922e7f890c91fb2d3524c4d1f839495ea5f16fe0bfc4ff817e2b93c19f153479f48be4c95128cc72a838df148329221fef2923f1af2da620a28a2800a28a2803fffd0fe7fe8a29680128a2bf4c7f617fd86edfe354537c6ef8dd29d1fe1d68a4c92c92131b5fbc67e68e36ea22078771c93f227cd92a0376d59c27ec7bfb07f8f3f69bb86f186bf29f0e781ac58b5e6af380a2409cba5b87c06603ef39f913b927e53fa7be21fda1be1afecff00e0e7f833fb1c69d1697a7c436dd6b6ea1a7b970306456619663ff3d1fa7f0281835c0fed09fb4ac9e3fb08fe1c7c3ab61a0f81b495115ad8c0be579d1c7c2b48abc05e32b1f41d4e5abf2dbc7de28d5359d4ce911b18e043831a9c0ff817a9fd0569271a5f16fd8c62e556fc9b773de75bf893a05eea335f6b7aa35f5e4cc5a5909699dd8f52cfce4fe35522f1cf84d864c922e7d627ff000af1ff000d787a391954819c73c57ace99e089f556fb2e9d6f25c4c4f2b10240fae3a0ae3ab98f26aed63ae965ca7a2b9d4d87897c2975858ef2319fefe53ff4202bae86d6dae63f36d996443d0a9047e954f4cfd9e7c757cbe7369891a0ebbe68f207b8dc6ba01f00fc63a129bdb4b59ad993ab43f38fc761239f7ae28e7f8794b939d5fd51d6f25ad18f324fee2bc3668b80c3a570bf13610be14b82a3d3f9d7a4592ea11c9f62d5a3d930e840c06c7b7635c87c50873e13b904761fcebd48d48d45cd0382509537cb347e7b6a08069b6e4f7925ff00d0a8d0f4a9b5ad5ad748b62164bb992142dd0348c14138ed935a1a947ff12ab4e3f8e6ff00d0aba0f87da0788f53d6e2d4bc350a4d369b2c33ed9182ae44836e724719ebcf039a5b46e1bbb1d26aff00097c45a05e595a3c90dc7f685c0b7b731960199829048755207cd8e4763dab723f833e31491a392ca360934b033974081e191637cb310000cc39f4e7a575e9ae78dfc3c7fb6fc53a625fcf6b78f7f0dcbdc6f0af29100e016124795017fc2bb6bff1cf8c2e746bed0f56d05a389cadc5d6c390af0dc20964030405665d847232475c573ca4cde3147825cf859348bf974dd46d9639e06d8ea31c1fa8e08f423ad7adfc16d5f5cd1f5cba1a35dcd6c6ce45960689d95a37dabcab0391f81ae4bc456baedbebd712f89609adeeae1ccc5675c390e4907a0fa71c575df06a159bc45a9a9e7eeffe80b554f564cf447ea2e89f1ffe1bfc79f09afc16fdb1b4c8b53d3e5f92db590bb67b67230246651b9187fcf44ff81a91935f971fb637ec11e39fd99651e36f0ccc7c49e05bd21ad75580063107fb8972132149cfcb20f91fb60fcb5ef57d6430462bdafe0ffed5cdf04f4b7f027c51b51aff0080f537fb35e594cbe6982397219a246e1979cb47d0f6c375e96acae6099f835457e987edc5fb12e99f092cadfe3efc04b81adfc36d7889619616f37ec2d29f96376ea62278473ca9f91fe6c16fccfa4317ad25145007ffd1fe7fe8a2bb5f871e00f137c54f1de93f0ebc1d01b8d4f58b94b6b74edb9cfde63d9546598f6504d007d5dfb0c7ec8f79fb507c467baf123358f82fc3c05d6b57c5bcb5f2d72c20573c07900393fc080b1ed9fd17fda2ff00680d23e238b3f867f08d12c3c09a0aac1636f6e36473f95f289081fc007fab07fde3c9e357e3a6b9e08fd9afe17e9dfb0afc29266963b75baf13dfc5f2f9d34a0318dc839ccb80597b46113a135f1ce916f6d68a21b7508a0f45e2bab0f0fb6ce0c5d5fb08d4d592db42f056a3e29bd185b750916780d2b703eb8eb8af863466fed0be7bc9b2c5d89e7bd7d3dfb4a7893ec5e0bd1fc2d684235c169e423b8e00fe79ff0022bc53e0e7849bc6fe2fb4f0eac820b75067bc9cf48ade3e64627b13f747b915e27b7baa98ba9b3bfdcb63dc54397d9e169ad525f7bdcfa27e177c3b9759b13af6adba2b14202853b5e520f4527b0c726bebdf0f6a5a76930fd92d2d445081cac6bb89fa9eff008f5af31f1dcb3d81b4f0cf845d61b5b70898ebb547503e9d33fe35d0685ad689a06dbbf116a105ba8fe19a454271fef1afcbf39c757c6cbddbdba247e83976128e123ef6fd5b3eb6f06e89a5cea8d6f17959f9f69ebee4fd6bdaec74263189d03c8831f2a003e53e83bff3af91f48f8c9f09eee24d26d7c436cb2cd856922994151e993915f59f8535af0bea1a6ac305e41768fb5449e62393819ddd76e7bd7cf52cb6ba9275a9c95fba68ebad8ca4d7eee69fcd1c6fc49f84fe15f1ac4619a3161a8321782f11768675e8b27a9f5fe2faf4afcd7f8e3e19d63c29a35ee8baec7e5dc44149e84107a1523820f635faa9f10fe347c1bf87ab3378d7c436ef19c6db3f95e48980cee0a837e09f5e86bf39bf681fda0be077c65f0949a37862e2e06a56e48b69e485bcb7427e64665dc42f75f43f5afd0b866b6330d5152ab16e93ebdbfe01f239cc2856a6e50694d74ee7e55ea43fe253663fdb9bff0043aedbe1778aaf7c31aa4b6761626fe5d4fcbb711236d63f38255783f330e07a1e79ad9b9f851e31d4fc3d1def87e18f548acde4f3dace5594c7bcee50e990ea71cf2b5c2f83757b6f0ef8af4dd72f14b4567731cceab82c423024004819afbf5694743e52578c8f6fd5758d7c78524f0559f876eecada26548d08f30ab09fccf99f6ee24805719c67902bd3a7f8a04a5cbf88740bc492fe392253e588c2dbc8d2caa400143b72a493d7696cf15ccf85be34f84f43b76b0104d3a48f292561485407692452a8ae402ac54e01e706ba2b6f8bbe0b56d4e1b83249fda718c130baf9122db491a9e5db277360edc020f4e2b964bc8e98b5dce03e2678c74af1a6b916aba5ac8aab1156de8b1e59a47938452c0603609cfcc727bd6b7c074f37c41aa30ed8e7fe02b5e38c914570f0c1279b1ab10b260aee00f0707919f435eddfb3dc5bfc41aaa8ef8ffd052b4a4bde48cea6ccf7cd5e5b4b2b496f2f1d628a252ceec70001dcd7c0df163e2b8f13c8da2e84bb2d15f3bdbef391d0e3b0f415eb1f1fbc633ea4d71a2e9f262c6cdf64a47fcb59bfbbee13f9d7c9fe1fd1ae359d563800c97618ada7552b99429b67e89fec11fb4e41f0985efc1cf8c89fda9f0e7c4d982eedae07991dabcdf2b4aaa7fe59b67f7aa3fdf1c8e7c2bf6e9fd916fbf65cf894b2f87cb5e78375fdd73a2dee778f2cfcc60771c178c1183fc68437ae3d1fc4df0961f08f84f48b79540b8d4194fbe0d7e9978474ef07fc78f853ff000c37f17a411ea173a6fdbbc397b272d14d08255549e77479c81fc51175ec2b3a13f691735b175a3ece4a0cfe69292bb2f887e02f12fc2ef1c6abf0f3c6301b6d4f47b97b6b88cf4dc871907bab0c329eea41ae36b520ffd2fe7febf667f604f0be83fb367c03f15fede5f102dd64b9863934cf0d4328c7993b9f2d9d7fdf9088f23908b257e4b7c3ef04eb7f12bc73a47c3ff0dc664bfd66ee1b38140cfcf338504fb0ce4fb0afd6bff8292f8b344f0d5ef83ff637f87926347f01d840d731a7492f244010bf6dcb192e7fda94d26c19f037fc2d1f13f8af5ebdd6f5dbf3f6fd5ee1eeef2e76e5de49092c79ed93c7b702be8bf0ede4967a435fdf5cadd22a17128183b40c9c8f5af0af0944612b6bac69d1c9133f97e76376187af1c56fea5f10f45f0d23e8fa2dafda0367706388f9e0e072483f803dab4a4f953e691c728394bdd5b1e4bf173e21278a3588248b98ed91914f5c92c4e7f2c0fc2bea1fd927fb07c2fe02d7bc7fe258fcc3784431eeff0057e5439721c9fe16900040e4e2be18d5f473797725ddb442d51ce446092abec3764e2be81b5d33e23f88be1fe97e1bf0e594aba4d946774dc244f2962cee58e37e09c00338c7ad78d8fa30f62a8b95a3d7d0fa0c0d697b67592bcba7a963c79f12fc51e20be92ef486b84d3e263e73c2c53973c6e70090a3b28edd6be6fd42e669af64fb5bb4ae188cb924f07debdd3513ace9da4ffc23f2c4a90ed64611f7cf524f727b9af06f1043716d77f693ff002d3aff00be3ef0fc7a8f634b2b9537170a71492daddbcc33284d494e726dbdfd4ed3c13e1a6f146a82d15922da3712c3dfd2bed2f1e7c1bd121f877e18bcf006a7737573ac79be6da3ee630cd0aac88c9d000c37a301c7435f00e83afeada55c8bbb397ca7c6338ede95fa3bfb11e87e2cf1e78ce0f13788999b48d1964580483e433cdc1c7b28e4fd715b66b8e860f0b3aedeab6f5e872e5f859e23111a7baebe9d4f9bbe3678ef5bf88124773ac5bada5fe9662b4b8890150ca89b1242bd892a411d8fd6bd4ff66ed17c0f6fab699e20f1727daa092711cd1360280d951f886c139e307a57d79fb557eca577afdaff00c2d3f8716c6e1de2617d6a8bb5a54ee5075dc08c8f702bf2aa3d33c4fa2dc1b1b7698ac6fb8a8cab8c1ce1a3e18107af51ef5cd95e6947174139fc5d51d798e5d56855bd3f84fd48fda065f0578335a6d6fe15c51d9aac5226108cf9373033057c001b6ccb95cf402bf3fbe1beb5a669da5df7f68891fed122f9a3ecc668d62d8db9b23eeb06653fee8e3ad6c6b76be3ed47c24fe3ab9b7bbfb05ba2c173230731ac926e487731e075271d7207ad58f859aef897c37e1bb93a6e8d3dfc176ee44a8c02808111860f1c12bd78e7a57a54aa42a53e6a679f521284f9667a3a78efe0fbedfb66845363206792d4fcf8dc768007cbc373ebc7a52de6b5f07becd2c7a5416c2429fb8496dd90a8dea4895bcb6c965e847239c11915a16bf117525d54c72787af6696ddf6c90b489264dcaa32e5b79c361095001c0ee0715a49e3e963b6b88759f0cdfb8982913346a644576208ef85c8d8bec2b392b1a459e49e36baf0bddc9145e1b16c409e667782331e54edd8bce3207cc01c0cf5c0e95e83f00b4abbb9bbd6d34d7093bc6cb1b1ecc55706b8df1ef88f4fd76decae2d6ce7b212c935c224b1aa26c95837c847dff9b77cd81c60638af4afd9aee42eb5a9a8f4fe8b5cd526d3491d54e09a6d9f4f784ff64bf84df13b488f4fbb8eea36838902ce44a8edc92e0820927be307b57a868fff0004bad0b4d48fc45e0cd75a778b2c6d2f102b641e009178fcd47d6a8e91ac4fa45da6a3612b5bdc47f764438603d3dc7b1c8af78b1fdabe4f0e582278b6cfed4990866b6211fea50fca7f023e95f1dc989c0d59395494e0f64dbba3e8a7c98a845d3828b5d923f3efe25f86bc636df18f4ff0af8a6d66823b260104ab852aa7aa919561eea48af2afda33e27eb56bf1b74bf13781a7305ef861219a1990fdc78581078ea09e08ee322bf4f7c65f1e7e00f8f348369e20b868d47cea2786449236fef46e81b6b0f5535f859e318b4ed77e22eb1ab787efe6bdb28a79228276529e7459fbcc3039e70471eb815f4191e712c4d29d1ad4dc5c7af47ff04f0f33cbbd9558d68cae9f4eabfe01f7affc1453c0fa0fc7cf82be14fdbafe1fc0a92de451e9de218a2ff96732fc88edee92031127aa98ebf166bf72bfe09e3e20d1bc7fa678d3f63af1e49bb4af19e9f34d661b911dca26d90a0ecdb42c83de2cd7e2f78e3c1fad7c3ef196abe05f11c662bfd1eee6b3b843da485ca37e19191ed5f4709732b9e44e3caec7ffd3f967fe0923f0e74ed63e3beabf193c4600d33c07a5cd7acec3859e656443e9f2c6256fa815f1ff008efc57ae7c46f8bdaf7c52d64076d6f509af396c90b23928bf455c28f615f7efc06b87f825ff0004adf883f12ed8f93a878d7521a5c0fd098814b7207ae019ff005afccef0f4977a8e9b1dcdc4ec198b6700763f4acaac9a574694e2a4f53dda1d5ecf4df014fa99393bcc6547f79833b0ff00be571edb85789693279aafa9de7cccf9663ee7fa5755e2c964b3f01d8d8872de634d21ce392c517b6074af3ebeb87b1d19224380e39a8a7273bca454e2a1ee44c4d47509f51d485b447e695c2ae3d58e057e95dd40b0f85f4cd3ec67fb3d8698bb2455e3cd318da029f42739afcd2f02c4350f1ee950bf2a6ea327e8ad9fe95fa07e22bfd42680d9c88238a33b638c64163dc9e3d6bc2cf65ef421e4cf73258da339f99e35e21bdb2bcbe10280aec3e55fe75cf5b7c2bd53c4f7256da2c6efe2cf18f7fa57a6da7876d67bc5bf93effddc6735f46f836c0470acad10465e401c9f6af95c46672c2afdc3d4fa1a3818d77fbd5747cd96ff00b325f6857b6266b26d4565025930e2350b9c6d19c65f8cf240c57e8c7c3ad5b43f0ee91068a348d42c618542aa436b2328ef9cc418673df35c97867c4f16b92c966e8c0c2db0ee18e457afe93e193747fd0a5960cf5646c7f2e95f3598e6b5b12d4713ad8f570d81a5413f64ad73de3c33e2e8756912ef49d0afeeae42b46b71345f65882b104876988c0e0670a4f1c0cd629fd9cf46d4355bcf1078de2b6d4fed87cd11088036effdc85fe566423aefe73cf1d2b53c19a669de1731beaf7ef3cf27dd33b920927b02715edfad36a777a3492e82c82703f7664185ce781eb8a29cf9a0fba30a9784d72eccf9ebc6bf0d7c3be20f01dffc254221b3d5addec91e4076a4d8df0903fd87c60d7e09597c44f18fc3bb5bbf87d2c48ab6b34f14d13821bcdddb5b2473c15e9d0d7f487a9c571736705d6a0a124da8e107ccbe6039c8ee067d7b57e3efed85fb3cea63e2fdcf8cbc36b00b3d7d16ecab83959feecc33c7561bbf1afa9e08c77254a9809f5f797ea7cff12e1b9e10c5477d99f1be81f16eff0043bdbbbe4b286592ea58660189daad0a18c7ca410c086c91fd38aebac3e3a6a2ba849a85dd84731214463791b00043827196dc18e377ddede95407c13f1846b9115a3ffdf54f1f087c650f22d6d4fd0b57e8935e47c9c1f9997e23f19d9788ad2cede0b2fb3359a08c49e66f2ca00501be51d02afebeb81ebdfb35df6dd7b5307aeccffe835e65ff000abfc6319e6cedf1eced5eddf07bc177be129eef5bd68c56c244dac149200183b893f4c62b92ad92e67a58eaa576ecb5b9f4bde6b5e50c935e67e30f11799a705cff00cb415ebff0fad7c17e39d5469121f31e55c217729c9380703007d093585fb42fc04d63c0de126f186865ee2ca094a5ca677984a9da5830eab9eb9e47a9eb5f2b5331c3e26b3a51bdfccfa4a785ad429f348f99351d551a26627b578d4365169d05cc1181febe4cfb9dc41fd6b52ef58db6ed2b1e075fa572d05f3be9c9239f9a5cbb7d58e4ff003af530f45c22d238311554e4ae745f0d3e205dfc27f8b3e1ff0089562487d1afe1b86038dd1ab6255fa346597f1af77ff82b6fc32b3f0b7ed1d6df13b420a74df1be9d0dfa3af469a202290ffc09446fff0002af8e7549164271cff5afd39fdb4f491f113fe09d7f0d3e21bc9f69bff085e0d1eea53d4028d0383ff03863e4ff005af770b2d2c78b895add1fffd4f0bfdad8b7813fe09b9f047e1c5a8f2c6acefaacca3a9251e5c9fc6e6bf35fc2581a3c193d4bff003afd31ff008296c32db7c16f813a35b2e60b5f0b090e3a65a0b45cfe86bf327c2cf8d1e0f62dfceb2aff0009ad0f88dff19dd8fec4b183fbb1107fefa53fae2b9a1a36bfe2a3168fe18b497509f6e7cbb753237e4b9c57d3bf0c7e1a786bc56969aff8e2502c9098e2b65c6f9980c962323e5523a773d78ebf49687e06d6d239ae7c07e20b5d3e7566fb2a259a44ab91850e41f98af6cfad7878ace61867ec61bf9edf81eb61f2a9d75ed67b7e27e6afc34d0b51d27e28db586bf19d3a5d3d9e4b85b9cc46308a49dc08c83d3031debdb75cf8bbe1e87559e7792699986d560bf205049014123d7927ad793f8d7c49e31b3f8937b73e2cb94bdd4d8b5bdd5c101b7a9f94e0e076ee066b0efbc1fe23d4de39f4eb569126c146057041758c753d373a8fc6bba586a7896aad5ecbd0e48e26a61d3a74bbb3da344f8b1a6dc5d88374891f186c007df22bea6d0bc77a2d9d97f6935e452a2a02ca1b0eaa3fd92064fb0af88740f835f129a48da3d377ef04a85962624020740f9ef91ea3247009af65bcf86de3dd23c35757d7968ab6f6c84cacb3c2f8037740ae49fb8dd01e149ae0afc3f83acfdf4fef3aa96758aa6bdd7f81f76f8535bf0eea1a6c3aee98c05bdca87560304e4e3a1ef9e0d7be683abda6956ab737532f964e4b3718dc781fd2bf1fb4dbbf8b169616fa978656ed6c618d553c901d372f24ec39e727ae2bd1b47fda6bc71e1e02dbc59671ea50a9f9e3954c121fcc6d3f957c162785e7393785a919795f53eb696771497b7835e76d0fda0b6f0fe87e2f7b597503b8c2de6260f00f615ec9a059b69d757426950cf300d0265f60451b4641ca824e73b7b738afc88f0ffedade0fb9b3b77d16cae84a0ee921dcb1e08e305b2720fb0adbf177ed23f1a3c7b159784fe18d97d90df31dbb5b7ce814618860005539f99b20827ad4e1725c4d277af1e55ddb26be3e8d456a52bf923eff00f88ff19fc01e128eea1d56e5bed16aed1b5a265e5624672b9e8bcf0d903b76af8735ff008b717c5c4b8d0adeca48174fdf756eee4bc872007460a08505467d88af57f86dfb286a775a7ff6e7c51bd796e5be616d6c73966ff9e8fd4f3d42f6ef5f4a693e09d1bc08638bc190416a90b7fa544171bb239ebc90ddb39c8a3eb787cbaac711422e535f6b65e7641f57a98a83a151da2fa6fe9a9f9786eb68e4e7bd446ec6393c8afa83e2c687e0087c5a9a2789221a4cdaa2f9d67796c3f7479c323af0a761ebd0e08e6be66f1cf8375ff04149eec2dc594dfeaaee1cb44fed9fe16ff64fe19afd032ce20c363ed08be593e8fafa773e4f1d9457c1fbf2578f75faf6312e2f79eb5c878f3c44fa7786c221e65238ea49e71c7a0c67f2acf9f5508d9278ae1fe23dd19aeada052155762924ff0074738fc49abcd67cb150effa1596439a4e7dbf53eaafd9f35c3a5da0bbb9653263e5c8cfcc78ebe83dba75afacb4bf8850f8f343d4fc2dac9df0cfe64255f9dd952a40f6e6bf3f7c0a864b085ed1b6f92dba424e0360743edf4afa72c759b7f0de9977e2758923f2e29266453b870872c73edfd2bf31c4526abf341eb73eee0d4a95a7b58f9afc3bfb3ae93ad69ffd9be20d5a48750b8c8486dd50aa0270373b1f998770001ef5e35f1a7e0f788fe0cea36f67a9b79f657685ad6e002a182f5561fc2e38c8cfb8af5cf85be2dbcbdf128bf973214dad93c81df9aef7f6b5d6c6b5f0d04974db9e2bc8664ee177a94207d4649afabcbb1f88facaa35ddd3fc0f031f82a31a0ea5256b1f02786a18f51f135a4330dd1abf9b20ff62205dbf45afd3af004cdf11bfe09a3f177c2d7c77c9a25f26a91e792a4b4339c7fdfb7fccd7e6878162caea3a9b7fcb38842bfef4a79ff00c755bf3afd2cfd9040d43f65df8f9a2487e43a089b07d44173ff00c4d7dc515667c8567747ffd5f1ff00f8292da4bab7c12f813add8a99167f0b88b2318c882cdb1fcebf2f7c3304df6386c31890b94c1f52d815fa51fb593bf8e7fe09b5f043e21da92ffd93249a54ce3a8608f160fe36d5f9c1f0f6d8de4b671b13c3b393ec8771fe55cd8a972c1c8e8c346f348f7636f7571ae5a5969f2f970c09e4c60103e54c0271effad77266f899a1d9dd2d9c70dd5a29c87f3554b01c8e090735e3aced79a8c7756d263cc38e0e31f8d69f8975cf1568da64ff00ea65854120f99c903be3d6be3e749d4a8968fd4fa98d450837afc8f9b3c51abde6adaedd5ddd26c666dc4673839f5af76f0a6a5f10ed6c2c67d174eb79620891c72dc3aa02a5cb800b3003f78323be78ef5f37df4e65bb9266043c98dc0f624e4d7a547f11fc43a46996da3c7e5c90db6c28ae0fca54eeec4753d6beca14ed15148f949cef2726cfa23e1af893e28dfeef14e87a7585d46659a432c9708a23953fd6390641b405738046dc3023a0af585f11fc5bd53c2da9db6b5a5c3a8c1e4c8258bed2159122576924da8d96502ec1ddd338c77af923e1e7c67d63c19656ba7e9b636e7ecf14b0990b4caeeb3316624a48bb5bb6e5c1c01cf15eb72fed17e27b7d264b4d3acad2d96e5258e6d9e73798b3c6914a183ca47cca8b92067d0f3532411d6c7d3df022e2d07822d15a4fde92e769e98ddf9d7b0f8a3c09e1bf17e8f3a5dc11ced221009519538c120d7cbff06f54f3bc256da7b28546ddf30386ebce3d315f4758f896c343b68ad669306521173cf38f7ef5f8e62f9e962e7283d6eff33f4ea0a33a104fb23f2c3c79e05d57e1e78c1ad2d8158cbfc84f423f0afba7f62af88369278fee2cfc4a91c57ab1fd8add79fbdbc31ceefef01c7af4af1ffda5eea21e20d3f510b9823f9b1edbb9cfe15e6da65d4ba6ebe75e84ed964500c88718dbf75b8c60d7df462f31c07b3a8f56b73e46a5b078be686dd8fe8ffc26aba4c734f757d24f1cce4af99d23cff08c0eddbd2a3d6e0d32566bd651e630c19010a24193b549ef8ce573dcd7c49f0a7e34e9bf127e1ebe9be23b868a7b3502f245729909d2427b6e032c7d735e73e3afdafde29bfb23c19029b4b6384b998e4b91c6554f6f4241f5e2be0aa602b49cb0dcbb1f510ad0d2b736e7b9fc52f879e1af1a580d27c5f349f63b095ee966898acd0023a83cf04641e31c0f4ae2b40b6f83be1cd29f4dbad5afaff4b7411b59cd229470dea0a6411ea0e47515f3bdbfed4be259cb8d44c33ab8db22b283b83750491d315c8cfe2cf84de211b356f0ec903e3024b29e485c11d3956c67f0ad70d97d6a768556ecb6b74fc51757130926e3d77bf53c6fc43af78397c7979e13b2ba758a3ba3140cc376e527e5048cf38201f7ae4bc793bdc6b2b83908495cfa577d3f82fe1026b29acf856daf22bab77de0dc481b73f762401bb693e9d6bcb75ab88351d7c890feec74278e07735f6788c4fb77171be8ba9f3986c33a2a49db57d0f4ff000cdddc59e9f99f38c6420cfccc7a74adef899f106f34df07c5e17de56eb52015f273889482df81381efcd60784da0895ee27702de0ccacc79c220ebe80578fde5c5ef8d3c4b36b3203895c08d3fb918e157f2e4fbd795430f094dd59ad17e67a556ac945538f53ddfe1695b3b63a83bf968df2b0fef5637ed3fe2f44d1b4af0b237ef263f6995411c2460a479fa92c7f0abba3ea569e1bd1a4d4b586f2ec2c46e278f9cff7547f1163c0af8d7c63e2dd43c6de239f5fbdcef9d808d339d8838441f41faf35e9e498175710f152d97e7ff00f3338c62a74561e3bbfc8f5ff0009db35b783e291b837723ca7e8bf22ff0026fcebf457f6423fd9dfb2ff00c7dd6a4e1068222cfb982e7ff8aaf8227b71a769d6fa601cdb44911c7aa8c37eb9afbb7e1e4c3c07ff0004d1f8b7e319ced6d7ef60d2e2cf05b2618ce3f095bf235f5545de4cf9cacad148ffd6f05f82d18f8c7ff04a9f1f7c3f8bf7b7de06d59755890725616292923d06df3ff235f9a7e0ed4934ab7495f072b2273d016e01afbdff00e0937f1034ad3be38eb1f057c5041d2bc7fa54f60e8c7869a256741cf1f3466551ee457c61f103c01a9fc25f1feb9f0cf5b52b71a1dfdc59b647de11b908e3d9d70c3d8d63888a943959ad0938cb99189a7ddd9adecef7f230876e4056030dd8f7ac1f10f899af505ae99e6320eac496ff00eb5473d969f7890413308ddbe6eb82c3be696ffc3f73a7db1bdd2643242982ea47cc80f4dc07041ecc38fa572c30b08c94e5a9d53c54a51718e870b0ccf05cf9930ce7aeef7af44bcf07dfcebf69f3e3d84020904673f9f6ae1dee6491f6dcc7b85769078825b8d3e2b04055d3e524f718ebf856b889545674fe665878d377553e4644760d64f876dc7fd9aec74cd2ee759c446510a0ea71b8ff004ae6e148e493cedd9ec6bb7d3aee3876c2e4f3c8c7a7d6bcfc4e22a28fb8f53bf0f429b7ef23e9af01dfc5a1d843a5da49e6246a7733704927dabddec358b1fb306d40248cb83927b9e9d78af8a1bc41a969e917f678ca9e0f3fcabd4347f148fb298eec0cb73cf3cfaf35f118cc0394bda3ea7d5d0c5a51e45d0c6fda0f58b3be7855090371033dc1f4f6af17d2f5cff89640eff7d079673fecf1fcb15de7c43bc86fec02901bcb63b3d5463debc3747825bebf1a69c8476decde8a07cdfa0afacca146142cfa1f3b99de756eba9ef7a7f89eeb4ed2269a095a34b95d8ca0901d410c1580ea3201e6ba3f861f0eb57f8b17d71ad5edd369da358e5a7b90bb99980cec897a337af603f2af19d5aecdefee23f9218c63db1fe35f587c05f1c5ff0086bc27fd9b74dfe852ccc615fee8c7cc7f16fd6b831f2953a32af1ddb3bb07caea4683d923ddf50fd98be13dae92b77a7ddea2cdb15b734cb9231fddf2f193cf18af8abc4da0f8b342f18ea1a3699119b4cb5976a5dcb22261480c0b938c1e7b7e55f53f8e3e3558e89a3b5e4d2acce5bf77103c1dbd33e801e6be02f167c47d63c53a94b7778c5d647c919c0f61e9c579f9351c4d5e69d4574f6bf4f43af32ad4a972c62ecd76ebea7b5f872f27d56e2e4cb2297817c9c86c8f5c8c7af5ad3f03780aef5f92e6ea270bc360c9c2e391d7fa578cf84bc41fd9f6d716ae9e4f9c37291df82306bd87e1af89d6022c8cb88ff881e841ec7fa575e2e8d4a57491861aac2a5a57347e275b3f86bc3367e19b76067d41bf78509e62400fa0fbcc4567783b438acec45ddcae379eadc0c7f9ebdaac6a7ab5afc44f88924d1b936d6712c084fa27defd723f0acaf8c9e2687c29e125b3b67067d4330a01d5620019327a679038f5aca961e75650c2aebb9756bc69c65887d363c33e287c408bc53a89d2b4d252c2cd5962c0ff005ac0e379f6eb8f41f5ae27c0d6aba978b6c60906516412b8ff00663f98ff002c56569915d5f5db49670cb21652bf2297183feed7b1f813c377ba3dd5c6a77f6f2424c6238cc89b09dc72c403cf45c7e35f6918c2853f654f4b1f22e53ad53dacfa9df6a32b48ccec79ce4d7da5fb5c4dff000abbfe09c9f0cfe19b9f2ef3c57a8c9ac4c9dcc4aaf2027feff45d7fa57caff0e7c0da87c50f88ba2fc3dd37266d66f22b6c8fe15761bd8fb2a658fd2bd27fe0ac1f126c3c49fb455afc2df0fb0fecaf0269b0699122f413328925fc402887dd69e1a3d4310fa1ffd7fc2cf01f8cf5bf873e36d27c7be1b90c57fa35dc57903038f9e170e01f638c1f6afd74ff008292783f44f1f699e0ff00db3fe1e47bb46f1b58c315f1419115da27c9bc8e8c54344dfed45ef5f8bd5fb2dff04e9f1e786be3a7c28f157ec17f13ee0243ad432dee81349c986e57e7744cf747513281d7120ef4a4aeac34eccfc84d5e42f73160e3083f9d751a2f88e4865fb3ce41e485cf439eaa7d88e0fe7d454bf14fc07e24f863f10f51f879e3380daea3a44ed6d7087a650f0cbeaac30ca7ba906b8cd42c8d9480c4c594f2adfe7bd26935660bc8f46d2ad745d46e5e2b9b88ed829c0329c003d3f0aeb6f7c25e19b6b092eb4fd4e3b8994655228e56048edbb6607e35e7de0af0d78cbc5bad3d8785157cdda5899254850018cfcf2328cf3d01cd7d5363fb137ed3bad80974b6b6e8e3e633dd8200f70bbcfe95cf5ab5386952691d14a95496b08dcf909dd925261e7d456dda6a4aebb24e3dfbd7dc7e1dff008274fc49be2b0eabe27d22dd8f685a499881e83099c57a4e8dff0004f9f025aceb17893c785dcb6d31dbdb05390db4f2ecc7ef7cb92319e2bccab8aa1b735fe4cf4a950acb5b7e47e7b5a6bc96e8a189c0f53fad683788db0c626c923a57ebb687ff0004f4f813668b26a173a9ea1900fcf32c60fe0880feb5ebfa2fec7bfb3b688a0c3e1b86761dee5e59bf476c7e95e5cf15416a9367a10a15b66d1f815a86b6678f121c1ec339a834ab9fb259c97a3efcdf2aff00bbdebfa2fbcf813f0a27d227d01340b08ed2e50c72471c089953fed280d9f439c8afcd2f8edfb0aeade1627c41f0ca496f34a88166b53f3cf081e9c6645fa7cc3b83d6b5c3e3a94ff76d58ceb616a45f3a773e0f02195123b83845f998024127d322b735df1f7f67e9ab6760760450a8a3d07033469fe13b79ae152792475271c1c735e85ff0aa3c372c5e6bdbb3375dcccc7fae29d4ab42325edaeedd070a55a517ecacae7cfd6136abe25ba5b36919d9b96663c01dcd6df8a34eb18af6c74bd1d037900f98ddd9c8c9cfd3b0ed5d8cfe19ff00847ef18d9a6d560462b91d42df55933123845ce7e61dfd726bbe8626329f343447157c3c943965b9b5a5f86b50d72511c73a5bae71f3e7207d00af58bbf8571681e11b9d6db5f8e496250de494f2d5803c81216eb8e808e7a57cec8be2ed3b12dbc8b281d30dcfe8735a1378db5ebdb51a56b504b2c59e83e6e7f435bd7a6eb3569ab18509aa29de0eff0033aef0978a6cac7cc78d8843c1da0e7e84d7da1689f0b66f0cdaea9a8cb67757253265922572a4f3b53702c02fd01ef5f0ad9d949acbac496579297c2eddac081f4618af62d174dd3bc3ba24367e2396eb489266616eb796ae11fb9c3ae3a1eb9ce2bcfc4e0e9dd3a6ddfc8edc3632766aa256f33d3f58f1578674ec0b0b8620fdc10215073e87819f6af32d4f5f6d60a4edbc28070246dc7ae3b7d2b2ef3406bb85ef34cd42cae22196695261818e4e3807f9fd2b43c05e14d7be22f89f4af01f8521371a8eab325bc09fed37f11f45519663d8026bab0d45456873e26b393d763f42bf613d1f46f865e1bf19fed87e3a8f1a6783ec6586c77f025bb917e6084ff160ac43de4afc45f1878ab59f1d78b353f1a788a5335fead752dddc3939dd24ce5d8f3ee6bf5cff00e0a49f11bc3bf087e1d7863f616f86b702483438a3bdd7a64e3ceba61bd11f1dcb319981e998c76afc68af6211e5563c89cb99dcffd0fe7feba7f0578c7c45f0f7c5da6f8e7c2570d69a9e93711dd5b4abd5648d830fa8e304771906b98a2803f793f68bf05f83ff006f5f80361fb637c2bb343e2ad0edc5af8974c880693108cb305fbc4c60ef43cef88e3aa62bf2934dd061bad32e2f2d4c7e65be196db04c92ae09768c00436c03257ae3919c1aeaff0063afdab3c55fb287c538bc5ba706bbd16fb6c1abe9f9f96e2df3d541e04b1e4b21faa9e18d7dc3fb667ecc1e1c3e1e8bf6bafd976537be06d70a5f5d25983bb4cb8c9fdeaa0e563dcc43a7589b20e0631cd5a8f33e63a2955e5563f3abc33e2d3a7eb714eaaa508cc783f29f553ecc383e879afd9cfd9d3e2745e31f0bae897d2efbcb1894a1620b4b6cdc231ee593ee3e40390091cd7e234f3db788629aeac1545e461a4ba8a2236b30ff00978800c73de441c771edf437ecfdf14355f0f6b969f6139b88899225cfcaf9ff005b081d36cabc824801c64735e663f09cd0d11e860b15cb3d4fd948e1d2b4bd704d716f69090cd2238ddbc6f3f2bf048037b1041014139079ac1935abcb0d424b5b9bc0f768e55e3b1b03979800fbe466ce3008c1dc01cf5ce2a5b5d634df16e816bae6926378e655963691039db905d390483c60e33c8ef542fb511ad69aa4eab73108d57ce36c002d1c8d8573c6e181f78ae0fa8ed5f3ebccf6daec6e22ea17b7096f7cbac0b60c0c93c93ac6131904900fcca0a0c8248f9b3c835dc597883c1be1c8bfb3ad6fa25504bed698c8dd831e598e01c67b035e0a637d5636493469ee910950d772ed2d82c0360609424820127e56e836815e79f1cbc7e9f097e12bf88ec34cb4b3d56e258e045da92a896523790483bb85ea7ae39aa54fda494175239f9139be87d6d2fc4df0e3cc96f64d35dc926368821771838e4b60281f30e4915b126bd6df6217da8916639cace4295c1c72738fc8915f93da17c63f89be2ed0acf509f5194add441dff007ed0a03920811c2a9c023fbd5d2e9f6f79a9ca25d46e622ddc8804adff007d5c194d7162270a4dc5f43a69273573d27e36fc2df851e2ad425f11781356b4b0d6dbe792de12668273d4ee8e20c51cff0079473dc1eb5e3da47c3df88777a72cb7fa2cd643a66e19218f8ee1e564183ef5ef1a2a5bc11849aeaea58ffb9e73c698ff00722f2d7f4af4dd2a6f0a69c05d5be9f6fe69c1f30c6ace4ffbcd93fad79589ce1b4a3cb7b1dd4705caeea563e3b6fd9c3c41e24706e354b4b70dc958647bb6fcad565ff0adab2fd8934691c49a85cea776c7b476f1c0a7fe053cb1b7fe39f857d8be23f8af2f87aded2dac2d5af67bc97c98a25758810a8cedf31e06154e3d4f15e2daafc7af14de4f2d869f05bdb4c9753db879ccac80c28ee51db08bbe4d802ed660a0f3cf1450c763eac6f4524bd7fa6456a1878bfdeeacc6d2ff00649f00e8cab29d2e1caf56bcba69893fee47120ffc7bf1aed93e19786748b7115b43630851802dad17f5699e63fcabc83c75f143c6374a8da1dccb6e2f2d2192de15405a4f355da421f05834642fe1d8e463bdb5f10dd9d12cdb5090895a152c59d9c824679660189f7205455fadb8c6756a5efd0aa6e8a6e308dac5cb8d0f49b24c34b33678dab2796b8f758846a7f2af90bf699f0adbea7a5da3e964c6cb20652ac4918c83c939e415cf3d857beea5e31d1e19d96e2ee252a464171919191c0e7900e3d6bcdbe2b797a978545dc2c1d518383d8a9e7f5c0af632c955a3523393679f8d50a907147e79c9e17f10c36cd1994885792594601f5cf35fb33f007c3da6fec23fb3e5efed79f195639fc59ae5bfd93c31a648bb5879ab95761f781907cee78db10c757c5647ecadfb3b785746f0fdd7ed3bfb46c8ba6f813435f3e086e47fc7fca87e5c21e5e3ddc2a8ff005ad851919afcdefdb0bf6a9f157ed5df1566f17ea61ad346b2dd6fa469f9f96dedc1e09038324980ce7d70070a2beef08e738fb4a87ca6294212e4a67ce7e31f177883c7de2ad47c6be2bb86bbd4b55b892eae667eaf24ac598fb0c9e07403815cdd145761c87fffd1fe7fe8a28a002bee9fd8b7f6d9f14fecb1e209b44d5e13ad782b576dba9e94f861871b5a5843fca1f6f0ca7e59070dd88f85a8a00fd89fda5ff623f0ff00897c34bfb59fec3771fdb3e17bacdd5c69969937162e397f293ef6d43f7e23f3c7d832f4fcdcf0eea37bab6a226d0607171ccb3c30affaa78fe633a01f7507571d179238e9d7fecd1fb567c5bfd963c5e3c4bf0e6f375a4ecbf6dd36725ad6e907675078603eebae197d71907f5561f027ecc9ff00050173f127f672d4a2f873f15e35335de93390b0ddbff136d5c070dde588671feb23c9a89c14958b8cda773cd7f672f18eaf034ba2dddbcef1cce44cc1372c1760658e5010239970cacdb467a6739afab6ebc4ba569484dddc416cbd4ef754ff000afcbcf89363f17bf67af139f0e7c56f0edee877c2130092dc936978aad9468a45f91d546400092a300818c0f289be2bea739df65a661cff001cb260fe833fad7cdd7cba4e6dbd0fa0a38e8a824b53f5a6fbe30f80ad0127524948ed02bcb9fc5411fad7e747eda1f182c7c61fd8de1dd18ca2185dae64f3142e4fdd5c004f1d7ae2bc666f1ff8dae8ed4682d81fee2173ff008f1af0bf18eb37faceb4f36a3319de31b3710074f61c0ae8c060546a735ef639f1b8c72a7cb6dcfadfe136abbfc2b6f0e7fd4bca9ff8f6e1ff00a157bbe99aae080bc57c85f08353ce913db31c6c955bfefb4ffec6bddad7542876a9af0332c3fefa6bccf57055af4a2cfa1acfc46b047991b0a064e78c0ee4fd29cff11bc3f6890cd3dec45257da8cad9048c0eab9e84807a0af9735cd32eb5df105bb990c50f9043be093956c851ce06e0c41eb91c556d27c29ac476ecb349146d3c2617ddfdd91503615000190a7047decf3cd712cb70fcbcd39fc8e878dab7b4627d0be29f8a3e1dd574a87cd49a78e397724d03085e391632e4ab16521c26415ea738c571f75e27d12da4d434cd0b4a8e47866417066dd386876e7cdf2f39c865dad8e7f8b9ae62cbc19a2c513db4d23c913cad318b036ef3bb0dce4eedadb4918ce01e08ad09acbc23651fd9ef12292424b334a4348e5b19dddcf41f4ed5ac29d0a6b92926d1129559be69b48b1aaf8e7c68a88b677ab2e2e0c63cb8822ba8f29d00ea42bc6e7273c633dab1236f14ebf34777aedb492c682dc88e56c6c962da5c953c10e370279c9c71deae6a3e3fd0b4bce5c46001d408c70303ef95cf1e95a5f0cd3c79f1cbc4a3c25f08b4a9759bb2c048f0ab343003fc534a76451afd5f9ec09aeba146b4d5a952b79d8e7ab52945dea5439593c0f7376896f7d2c62289d981527cc232802e7d02a02a73904e31c57e8c7c26fd9e3c29e0cf86a3e347ed5576ba5783b4c851d2dae72935f6dc18c347f7b0e40da83e693d02f267d5edff677fd81b4b4f14fc7ad4e1f19f8f99164b3d06cc2f9503f5566041c007fe5acbff00426bf1bff0069bfdacfe2dfed53e2dff8483e215df97636ecc6c74c80916b6aa7fbaa7ef391f7a46cb1f61803dfc1e573baa98a77b6c8f23138f8d9c30ead7ea7a47eda3fb6a789ff006a5f11c3a369109d1bc15a3b6cd2f4a4c280146d59660bf2990af0a07ca8bf2af727e1ba296bdc3c9128a28a00ffd2fe7fe8a28a0028a28a005abba66a7a968ba843ab68f7125a5d5bb89229a1731c88c3a32b290411d88aa345007eb27c19ff0082a278893c3abf0c7f6b1d060f889e1b6010cd3a21bd8d7a64971b2620742db5ff00dbaf7c4fd953f63cfda9e13adfec89e398744d56505ce83aa93b958ff0aab9f3d40f55f397d0d7e0fd4b0cd35b4ab716eed1c88432b2920823a104720d44e9c67f122e15250f859fa29f173f629fdabbe104b249ac7856e6fece3c9fb66963ed90903b911e5d7fe0682bf3db53b5bbb5bd961be468e60c7723a956073dc1c1afb2fe127fc1443f6b5f83b1c563a278a66d4ec620156d35602f230a3b0693f7aa3d95c57d8f07fc155be1cfc47b6163fb49fc21d1fc405800f716fe596cfa84b88dc8f6fde8fad285250f8473aae7f11f975f0b75016d7371039c06456e7fd96ff035eda35fb185b2b2ef3fec02dfcb8afb7adfe317fc122bc5ce6eaffc1bae7852e250558daf9a1403d7886e241f9262abdd783bfe08f9af0f39bc79e25b2cff00cb365ba603fefab37fe75e76272c55aa3a8d9db431feca0a091f105c7c47d26c3e66750476671fc9771ac793e2ddd4efb34b86598ffd338f03fefa7cff00e835fa0167e1aff823978757cdff0084b75dd49947ddf26e413f88b38ff9d6ac7fb43ffc127fe1f2f9be1af056b5e22993ee9b8572a4fafefee147e6bf8564b2982da37f53579949f5fb8fce35f107c44f10cc2d34fb5c3bf003b3cac7fe00b85ffc76be98f867fb0c7ed61f175925b6b0bcd3ed25c666b84fb0c38f5f9f6bb0ff00755abdcb55ff0082b6f85bc1b6ed65fb3dfc2ad2b422a311dc5d152c3d098edd233ff910fd6be28f8b5ff050afdad3e31452d8ebfe2b9f4eb19410d69a581671907b131e2461ecce6baa9e01477b2f45fab39e78dbecbef67df92fec7bfb147ecb4a35dfdae3c6d16b9aac403ff61e9eecf23b0fe16543e7303eade52fa9af13f8c1ff000541d6adfc36ff000bff00645f0f5bfc3af0da828278238c5ec83a6e1b06c8891d586f7ff6c57e4fcd34d73335c5cbb492392cccc49249ea493c9351577460a2ac8e394dcb56686abab6a9aeea536b1addccb797772e649679dcc9248e7ab33312493ea4d67d2d2551214514500145145007ffd9', '62fac04b23a636fc00e5266a1a4fb7987d708806004d6f0d2ccda43ff9c53392', 15377, 192, 192, TIMESTAMPTZ '2026-01-05 12:00:00+00', NULL),
  -- Eva Brandt (avatar3.jpg)
  ('a0000000-0000-0000-0000-000000000011', 'image/jpeg', '\xffd8ffe000104a46494600010100004800480000ffe1004c4578696600004d4d002a00000008000187690004000000010000001a000000000003a00100030000000100010000a002000400000001000000c0a003000400000001000000c000000000ffed003850686f746f73686f7020332e30003842494d04040000000000003842494d0425000000000010d41d8cd98f00b204e9800998ecf8427effc000110800c000c003012200021101031101ffc4001f0000010501010101010100000000000000000102030405060708090a0bffc400b5100002010303020403050504040000017d01020300041105122131410613516107227114328191a1082342b1c11552d1f02433627282090a161718191a25262728292a3435363738393a434445464748494a535455565758595a636465666768696a737475767778797a838485868788898a92939495969798999aa2a3a4a5a6a7a8a9aab2b3b4b5b6b7b8b9bac2c3c4c5c6c7c8c9cad2d3d4d5d6d7d8d9dae1e2e3e4e5e6e7e8e9eaf1f2f3f4f5f6f7f8f9faffc4001f0100030101010101010101010000000000000102030405060708090a0bffc400b51100020102040403040705040400010277000102031104052131061241510761711322328108144291a1b1c109233352f0156272d10a162434e125f11718191a262728292a35363738393a434445464748494a535455565758595a636465666768696a737475767778797a82838485868788898a92939495969798999aa2a3a4a5a6a7a8a9aab2b3b4b5b6b7b8b9bac2c3c4c5c6c7c8c9cad2d3d4d5d6d7d8d9dae2e3e4e5e6e7e8e9eaf2f3f4f5f6f7f8f9faffdb0043000202020202020402020406040404060806060606080a08080808080a0c0a0a0a0a0a0a0c0c0c0c0c0c0c0c0e0e0e0e0e0e101010101012121212121212121212ffdb00430103030305040508040408130d0b0d1313131313131313131313131313131313131313131313131313131313131313131313131313131313131313131313131313ffdd0004000cffda000c03010002110311003f00fe7fe8a28a005c5251450014515dd7c39f865e3ff8b7e2883c17f0db49b8d6753b8fbb05b2162077673f75107766214773401c2d7a2fc37f849f137e306b6be1df861a15e6b9787aa5ac4ce133dddfeea0f76207bd7eb4f853f60bfd9cbf65ed1adfc77fb74f8a22b8d49d44b0f8674d72cee473b5ca62597d095f2e307ab9159de3ff00f8298f8934ad11be1ffeca9e19b1f87fe1f88148a48e18dee9874ddb40f2a363eb876ff6b349c92039af04ff00c1243c7b65a3af8aff0068ef17e91e03d347cceb248b3cc0752198bc70a9fa48df4aeaff00e15dff00c1253e0cfeef5fd675af88b7d0fde4b52e2163ec6216f1e3feda91f5af81b5bd53e207c589eebc67f10f58bcd5dadd4bc93de4cf336738555de485dcc70000075ae1acb477b9b8fb38525c83b57b938e0563ede3adba1a7b2969a6e7e9d5afed9ffb11783e531fc37f809673f97c24ba87d9d99b1d33bd2e0fe64d74f6dff0545b5d3a3f2fc33f093c3f6118e15430c01ff0081057c77aefc2ad2fe187c3db4d4afe25b9d6f516f9848094897180aabc02c4f527d08c7193c1687f0dbc47adca63d3ec9e4d83327f028ff64336067d79e2b929e610a91f689e874d4c14e12f66d6a7e860ff0082a54b7cbe56bbf0af40bb8fa15dd8c8ff008142e2a8c9fb67fec7de36611fc47f80fa6aeffbd2590b6dc3d4f1142d9fc41afcf0d53c277fa3dc1b4bef2f78ff009e5224a3fefa42c3f5a8e3d2548e95baaf7d533074eda33f4227f87bff000499f8c994b09f58f8797b374ded2f9418ff00d74fb54407fc0947d2b8df187fc122b5cd7b497f13feccfe3bd27c676446e48a46586420f40258da5889ff007b67e15f17ff0061f9ac22c7cc7b5753e1abdf167823515d6bc1da85d6977719cacb692bc4ff009a119fa1a6b11dc5eccf9c7e2c7c04f8c5f03355fec7f8afe1ebcd1a4638479a3fdcc9ef1ccb98dffe02c6bc8abf79fe1d7fc141bc790e8e7c0dfb4368d6be3ad027023985c4518b8d9d39057ca971fed283fed554f1d7ec0bfb347ed4fa45cf8e3f62cd7a3d175b4432cfe1ebe62230c79da03664879e011e645d86d15b46a465b10e2d1f847457a3fc52f847f123e0af8ae6f04fc50d22e347d461e7cb9d701d7380f1b8cac887b32920fad79c568485145140051451401fffd0fe7fe8a28a0028a2bf417f623fd89aeff68abeb9f891f126e0e85f0eb40264d475091847e7f94373c30bb70303fd649d1074cb1028038ffd917f624f891fb54eb4da85b9fec4f0958313a86b570b8891546592107024931d790abd588e01fbebc79fb59fc1dfd93fc293fc0ffd85ac213738f2f51f144eab2cb3c8382d1311fbd607a390225fe04239af2efdab3f6c8b6f1b68a9f007f678b65f0efc39d2d45bc715b2989ef953bbf71113c853f339f9a4249c0fcfe82cf7718cfd2b294fb0ec5dd5357d77c6fe25935ff1a5fcfa85e5e481ae6eae5da595b27925989271d87e02aeeabe0cd6bc377e6deea3dc15be4940dd1bae370607a608e7153687a6da5eddada5cc9e5799f2a3632031fbb9c76278af5c3aa5c37862cb7cc03aabdbde44c721fcb6c2121ba3952003dc803e9e662f152a525cbaa3d2c1e1235a2efb9abe077f0cc3e0d924d462d9a7dfdcc76d74a3aa36d277293cede3383cf3f8d57d07c296fe18f1f4bad5d3a3db584ed719c7f749741b4e4e1979e98ebcd79d789fc511786f4f96de3682746962953665482a0e0ba124367254906a4d4b5cd17c53e1a22d6fdacae8467ecf39e448ac30d0cd8e43a838cf42b861debcdf65524a4d3b4647a9cf4a0e09abca27d431f89f4cf1368ebae5e869c69f348f893e6891ce42b48a73b8000119e3279ee2a869df6cf137c3fbfd7e0769166188707e574073800f4ddd7b77e335f23f81be21ea5a0595de837c998a70639a13fc5905493ec55b1f80f4aeabe1f7c4ebfd07c367c34f295b7602343d4a2872415f7c11cfd2a658374b58f46bee2d625555696974cf48b8f0c45a5d8db19b335e5d8693cb5fbb1c60e01247727b0e001d7b543a7e8c6ea56b78d7e7038c8e3f3af606d43c2dac470dbe9b1f990c29899f384fdd8e32fdc0519da3924e6bbab0b29ae2da310da431c18f936460311fedb64b03ed9fceb7a58c72f75ad4e3ad8251f793d3a1f33eb5243e15d4ec6cfeccd7371a8ab450aeedbba452bc1cf4041249f418ae5efbc7774b146f67a467cf95a38d4b12e763a2371b54672dc6091c6339afb0b59f867a178a2681f5ab7121b4dfb50f20ef1b483df8ea083904039af98a1d17c6fa2eb57567e16d32097cad4a58df6c4bbdd60cc8ea1dd998068ca72c77173f28c577d3945ad773827168e4fc1136afe24bf99b5732a22a2b46046638f042939ca75249182f9ed815e9da55d6b3e1fd42dfc45e16d425b3bab66df05c5b48558303d5590fff005ab966f85bf147c51195d6e630868c08dddcac8a32e7e6519f9c109ce39e0f5cd7b069be0cd634cb41a6df342f6d046a9118a2f2d8edce770c91f776f4ef9a752493ba628c5dacd1f63786bf686f857fb4df84e3f821fb6b69b0cc5c6cb1f1044a22921908c07760330bfabafeedba3ae326bf2fbf6c3fd85be227ecada98d72173aef83af9c7d8b588572a03f291dc05c84723a1cec7eaa7b0f78d43c37118494c1e39ef8afa73f67bfda62cfc19a44bf04be3942baf780f55536f2c572be69b547e0851c968b3c951cafde4c1183d147137d2465528db547e01d15fa31fb757ec3975fb396a30fc4bf8692b6b1f0f75c60f6576a7cc36ad20dcb0cae3aa91feae4fe21c1f9873f9cf5da73051451401fffd1fe7fe8a2ba4f07784bc41e3df15e9de0af0a5bb5dea5aadc476b6d0af5792560aa3d864f27b0e4d007d37fb17feca3e20fdab3e2ac7e1c52d67e1ed336dceb37fd0436e0fdc5278f324c109e9cb1e14d7d8dfb697ed3ba17892cad7f66afd9fd4697f0efc3405b05b7caadfcb11fbc4f56895b919ff58d976cf15e93fb51788748fd867f665b2fd917e0fdda8f136ae23b8f156a50712133a12630dd57cc0bb54755847ab935f94da00f899a8d9417da55def8a62eaa1d97828198eedc303853fe4d63524dfc16348c57dbb97eda00719e48adeb382e2da65b84c028770cf1d3eb5cd6b7e25f1ff86ae12c75f8edcbbaef5dd144db97257395f706bd3af60687559248e22c8bb08451c64a29c74ee6b967392f7668da308bf7a0cd6d521f0d369f1f88046f6c25c87487e68d2407383c6541eabdbb76af3af1878c347ba82e6ca0f977b09a3dd9c6f61871c67193f303d3a57a8c37565a568936a3a5498594f972c12951221ce55806f96400f03be3838af9eb5cd225bdd41d77c1120c96cf283e80e48cfa02715e661d29cda9decb63d7acdc29a942d77b9c9a6b52943673012a31fb8c37024fa67904d7d69f063f63df899f11204d56ee74d074f9ba79f9776079c88bb7e245617eccbf0a6c75cd42ff00c79ae857b2d186555ba6e1c97c7a2815ef3ac7c58f881f140369fe069a3d0f40b6cab5cdc4a201263d492198e39089f8d678dc6d4737430ba25bbfd12ee6f82c1d38d355f15ab7b2dbe6d9f5afc3aff827b7c1dd1e337de34bcbbd5c95cb72604e0738d87240ff007abc8fe37fc1bfd89bc33ab4fe0dd2756d4fc3bad5b70d2c64dcdba3633b5d24209e0f3b1c115eb5f043e3d7833e1f7845bc2fe29d5cdf5bc5219a5bd9cfeee2cfcaca0f384233d7bd3ff69bf8f9f047c3ba3e97e25f0cf86ecbc4371afdb7da61bcb8853cb7456f2b73b382f9dc318c03c6735e5e1a38b9d47a49fae9f9e87a38a961614d5dc57a6bf96a7e60fd93c45e07d4c790f1eafa739686dae2d98985b7739c1dacaf8fe16c7a73d6bea9f869a9eade2fbef2ace79b4986dcac64a6c49a473d4b291f2afa605790f87bc6b6fe3bf134971aec1a7e83182abb34fb5448f19c8043fcac41c1c919c77afaa2f8f87fc0e61d6eca5875ab4bb808498d9a5bddc73346c0159a2545204abe5e0e7974604e481eccb05297bd2b5cf0d63e11f7617b1ecda7e8f74b1986ee433303c4980095f7c0033ee00cd79278ff00c553f833c451786b44b0b796e2f2d64bbf32e24f295d932bb4b10141e064b30c8e07b7bb783ada68f45b61757125c398d77197ef86c0dd9e17f515e21f173c59e30d27c6d0691e17d0a3be9628a078ef44226922594ca258c83ca87f2d76b29ebc1ea2aa8ab98d676394f12ddf8b7c41e0ed1f56f0579cad7d1cbe7bc36f96caae4155dcc5031565560c7ef0209e299e0ef0cdc68ef7fad78c5cc334be5c8a6e6ebce31a8843ca8327002387fe11c7b56ffc391f14c789ef3c41e3b13c5a24f115885c48b10890fccad24470170a31f2fcc0b1dd918c78adcfc20d361d2ad2dbc5baf5bdba09e4b78dac774d3c92b8664e51412db5f71043657ef310735ba4be1b98ddfc47d0371a1c3240f25ba02ac01047420d790ebfa5471385861cb16e4f6fc8d7adf83fc79e0cd7f6f85745d416ea5b3b4872ec3cbddcb458c139ddba324ae38c8f5a6f8a2d6decad4dc5c90a1725989000fc4d629b4ec6f257573b6fd993e3c685a5dadefecf1f1d95352f02f8815ad4adc0cada4929f53c8898f2483946c38c735f985fb6afec9daffeca3f15a4f0f12f77e1dd4f75ce8d7c7912c19e636238f362c80dea30c38615ed1e2df13f822d4b2c9a9dbb13fc28e1c9fc1735f6b7c14f127847f6f0f805aa7ec8bf102e3fe2a5d1627bdf0d6a53a10c045911aee6c31f2c1d8e31cc47d5735eae1a526ad2479b59453d19fcfe515d178bbc29af7817c51a87837c536ed69a96977125adcc2fd524898ab0fcc707b8e6b9daea313fffd2fe7febf63ffe09c3f0f7c3bf077e1bf8a7f6edf8976e24b7d02292cb41864e3cebb71b1dd33dcb32c2a474cb9ed5f929e0ef0a6b3e3af16699e0bf0ec466bfd5aea2b4b74033ba499c228e3dcd7ed0ff00c140f5fd1fe177867c15fb1978124c697e11b086e750d9c096edd4ec2e07f172f29f7907a54c9d95c691f98bf123c5de27f89736bbe38f144ad77aa6b1ac89e66e4e5e4438551e80615476000ac7f0545abe9b706cfc4ada8d9e9c5582ac62655f349c0e154fbe78e69b7d73369de1bb8bfb638921d521742467e658c915e85e05d6bc63e231fdb2352b68890d1ac32c67605418c2ed7521883c77e473cf1cd093e57ea6f523ac7d11e03a8ddea97f76d77ab3c924a70a5a4ce78e839afae92c5aef5cb962c152244272db01f91401b8918e79cfa74af20f8a3e32d7a79dfc29af2da5cb62297ed16e863259806cfde21b8c039f4af49d50b7f68cc99f9495fa7082b0c4a73696da3fd0d683508b96faafd4c1f18f8774ebb8e4bcd4f510d788339471b1401c00319031fddc8f539af068d5aceec0bc732973845fea475e3d3d6be95f114f35a68a2c6c6dfedf7174a184617848d7a0f9b8c31e4e0648033d6bc034b741e38b0bcd70291f6859255030a02b9661e872476e315cb85934a4afa2d8efc4c14b91ecdee7a48f1578c7c19a6df7812c2e85ab1df15e2c63323c6f8ce5986d19cf41cfb8e95e71a9e9e8b1477916f9e323ab300318f73c73d80fc6b76db5ab8f1c6bdab5dc69ba59a792e7207cc6363cafbed0011ee2b95b92d0593d9b80f862cadf29c03cf1bbfc2bd2c346293495a5d4f231ae6e49b6dc7a1ef9a07883c2107822eec753b2b4591d62314d193e6bfcc034236900891490739c707a8047dc3e1afd973e1f7c49f86f6ba6c3aaea1653c56fb610f2f9d044e4ee3889ba0ddd42b0cf27ad7e53f82346bdd6bc5d66a15a68eddc4ad8e42aa9cf38c0eb5fb23f0b3c6ba6e8f727431200232067fad7ce71263aad2a90787959adec7d9f06e5346bd2a91c5c534f6bfe87e75fc49f85ff0011bf67cd4a3d3fc576cb2461ff00d1afe205a29947202b6410e3ba9c30f715d5dbfc44f1d78d9f4bd26c615ba7bb9e381523ddf233488c3824f52a3f115fb13e3eb0f877f16fe1c4be0cf10a0659d797c02d1b8fbb2267a329e47e23a1af23f831f01be117c3813f84bc429236bf75b5ecee668bcbd86321d1addc8c6720138e48e0f158438913a7efaf7bf0d8313c20e9567283f73b3df73d0a2f04f883c23a2dbc5acc914f24489e77972f98d1b328fbd9c3019e84d7cd5f1857e27eafe28d3747f015c5c69b1cf15c092656458dd9155f3c2bb676ee550db464e4722bd8fc2ba0e9fa8f89a5f1c68f25c0bc7bc7b2d5edee32198cac54b119238c8c11c71d051ae6af2689258247b5d27bb5b5919bf8772b1047fc09452cb71eeb45b9ad50f39c9d612a46349dd4975e8d6fff0000f8a1be117c64f1368c22f123b461e2521ae6e9cf95f7a4f28025dbe676404b8254a770173d558fece9ad0b58adb55d6956da1963b848a284b05748fcac16760adb5300314dc48c9f4aecaebc53aba7daa4b6bc8a38a59649e506461224704c6358cc87ccc3499057e41c0c0ec6aa6a23c77e269a19edd6eed0c2e5c99b214891ddd148ce180460afe82bb7eb6dec8e7fecb69fbd5125f77f97ea68f857e1d783fc1da944da3aa3ea0919f319991d9e377044ae3030d85c023dfae6bcaff69b9e29f4fd16cdd1658a4b991cab0054ec88e320f1c16cd757e1ab1f13e93abda25fcb1c2920fdfc692c658e220888571b8ec2bd8e31838eb5e59fb415d07d6745857811a5d48371ce4ed55fa77aebc0c9cea27247959ad15462e3195d58f92d75bbd9263636b1471dc7631a845dbd7188d43719f5357fc19e37f1b7c2ff001b697f117c297a906a5a4dc25c418255495c655b79195704ab0c7209ae159a37d5a3866556495f0fbb38eb8edcf18ad2bed2b470af6ea1223d320a718efce0f3e99af7e49dae8f9ae64a491fa27ff0526f875e1af8ade03f0a7edd7f0c6155b2f13c315a6b71c44308aed576a3311fc40a342e7b9453fc55f8e75fb6ff00f04f3d6bc3bf193e19f8f3f622f15dd34b6de21b196ff4a32a80b0dca001f67ccc72ae239874fbac7bd7e30f88b40d57c2bafdf785f5d88c17ba75c496d3c6dd524898a3a9fa106a4e84ee7fffd3f937fe092df0c34ff137ed097bf15fc44a0697e04d3a5d41dd87cab3c8a638cffc053cc71eea2bc0fe2d78db51f8b3f15bc41f12e6df27f6bdecb7209e76231f9173e888028f615f677ece128f82dff04bcf88df1390f937de32d4069503f4262f92df03bf1be7e9d39f4afcf3d2efa64b65b3bb8653030c858f82ddff002ae2c554716ac09d9e8731aff3e11bd51d4ea517fe8a35b5e09f87baee99ab3cfaae9516a71b46f1884491160fea031c061838cfeb546fe3d0b50d3eef48fb5b5a892e92753246cc70a8548f9010793d6887fb4a37696dfc512067c162229874fc2b3a752c9a7dfb33ba74f9ad25d975470fae783bc4de17689f5fb56b6123945dc413952411c1ed835f48ddec7d42e1b27e661ef8c28af22d4ed751d5e016dabf88daee3560e1648e66e40c7191c715ed1a45bd9dcadf7897524692c2c6359e6dade5b329215501607058fb12064f6a8ad595d49fe5e6bb954e93e570f3efe4cb3a61bad46e9ac6dd4cb757a5208dbd3242e07d781f4ac9f14780fe1669f39d2e6bf9a4bdb7055a65cf94afdcaf1c0249c67b7a5798afc51bfb7f1959ea91225a69b1dcab08a319c479fe26396240e739eb5f42ebba3db08af2e2c516469e2f3603d431ebc7af06bcac7b9d1a917b5fb1f419351a75e8d46ed269f5feba9e3bf08f46b6f0e7c5db2d1af007b6badd1063f75948c8248afa07c69e07f866f7725ecb06f667f2e3d8a0348e3a963fafb0af1ff0e496f6ba42968d8df59486e44ac0e3861c06ed81c62bd446a5a0f89ace4d2b52003b932c0f9e0ef1f32123a7b1ae1c5ce752aaaa9bdacedf99dd848c28d3745a5bdd5ff23874b0ff00842e692ff4455ccb194645e801f43599a378f6ea1bd126e6824cf7c919fa8af54834bb536a2186425178dac03e3db9c1fd6ba3f077863c2716ac979acb8214e42c710dd9ff00816e1fa56152b4145f3c6ece9a31a9ccbd9cac8fa9ff0065dd2fc4fe2fb84f18f886654d26d5be50fd2575e9b8118da0fe7d2bee9f13f8574fd62e2d7c5facbc825b3712a46c4845d80b06d9d98f4fa1c5783fc20f16e9f7d742d341d3e43e4f2259cee11f38caa2808a7dc2e7deb6fe3dfc58d3fc2fa47fa5c811208de59189c7dd1ce475af1a31f68f9231dfa1e8622b34fda4e5b75376d2f7c2fe1ff0bcde27b695649efa56764dc0b34ea5950103eeaae33fd6be79f105bdaebba44ba75d5b2df10caeb148ed1ab329ce4b004e07b0e6bf333c3bf1bb524d6669f44d69a06bb90c863957e42cec491f36471f515f59f857e2bebb39861f15c502a4ec234b884e06f6fba1949c0c9e38afb0c3651f56a6d5eedee7c6e373c78aab196ca3b1ec70683ad6c2ad7b6fa6abe14c7a7c0a1b0bc00d24992703a7ca2abdd7847c36c19f5492e2fa41d4dcdc3b0ffbe410bfa525ceb73c2bb446dd3eb5ca5f6ad3b282bfb9538ddbba7d7eb54a947b10f1957a3b7a69f90b341e19b06dda5d8c514919237aa00c0e3b31191f9d7c77f1bf599aebc51670c6d82b6af9c71c3be3ff0065af6dbdf1a683a95c4b6b657d14d265b08ad92768f4f6af97be24dea5e78c1ca748a08d3f563fd6bd1c153b4f63cac6d67286aee79035bc37771225c4c20e080c7183c93b492540cd67cba45884fdcde4449e996503a81ce1891d6b4b4fb98edf523713b048b6e0923232c370e304fe42aeea773a1ea0bb5ee0000e70a0ae7d3aa1e9ff00ebaf564b66793cdef58ed3f67cf88f71f03fe37f85fe27dbceacba5ea1135c2c6c496b773e5cea7b60c6cc3ad7d15ff055df8536fe00fda96e3c63a420fecdf19da45aac4e9f75a523cb9f07d4b2890ffbf5f0bce342f9a3559db8233b9707f4e95fab3fb68489f19bfe09e9f08be390ccb7ba248747ba91b05b051a162c4772f6ca7fe046868d69b3ffd4f33fda1b48d43c27ff0004d2f835e01d2e13b3569cea571d86e749661bbea67fd2bf36bc397b77e07d6d52ee1f381da668b77553c8c119c363906bf54ff6e8f1a2782ff67df819e101662e6dafbc348ef8382852dacf0c38f5626bf29f54bcb4bcf16cb3c61a38bcec7cc7240181dbd315e6e2973c9c26bddb1bd285fde3a4d5f4a7d6350bfd734d87c8b73365627fbca1f38ce0601e39e6b3206b8d3ae5ad2f54a329c32b0c106bf587e0a7803c3127eca5e24f1ededbc336b76315dc11cd2282bb0c6a1772b0c1204ac72413efc0afcecd37e117c45f1feaa17c3fa7dc5cc31958e5bb2a7cb53dfe76c6e2a3b0c9af330f8f87bca6ec91eb55c0cbddf66aed9c9da996fdc41671b48fc90a8a58f1ec39a8b5f93509bc1779a3e9a8ef2cf2c45d147ccca99ea3fbb935eb5e3ff889aefc109bfb07c39a149e1f966b6fb34974d1309240c30ce656e4b1ce7e53f2f6f6f9234bb2bcd7e7bb8b51bd68fc9479e5964dd29215864f5c9fbd9fc2bb30927885ed24acb75d6e73e3292c2be48caef67d2c7397fa75d8b7fb24f195941385eff957ae7817c47e3dd0f4a4b1d6b4bb8bad323ff57295643103e8e40047e359b69f0d74e965d6edf4bd4e6b9bcd155d9e3106c5731e4b30767c050aac4f3b8f1b54f38fad7c33f093c2137c32b1d77c4dad35cc3731452c904124713c264453b5cc9b88e5d40214e720f186c76e2210ab1e4a8ae72616bd4c3cbda52766782789fe2b786ec74e9f4a815e498838e7729dc3a861c1af15f0d7c4096cd059ea44ed07e571d87a1ff1ae675a05ee8322e5197bfd4d6198236e995a8a597d2841c52dcdab6695aa4d4a4f63ea1b1f1dbe45d5b4bbf3d403d6bdefc07f146caddd0cb1a3c8c07ccc381ebc57e7de8b32da4e60ba6c46dd181c60d7a459d8eab1279ba75c6f46ef5e5e372ea7f0c8f53059955f8a3a9fb25e1bf8e9a0787e182daca548a19e3f9a45206d707906be16fdadfe34699e2829e15d36762f71ccec873f26781ff023dbd2b2be0b7c18f13fc49d5a06d76e4a69e1817446237283cf23a0edeb5e3bf1c3c15a3689f19b565d2648869b0c8be5c71b64a61146c3db20839e6b8b2ac251589b45ddc55fc8ebcdb1559e1b9a4aca4ede6790e83e159cf881406dd6f0e1ddc8c71e9f5afa434ef10cf75a1dc59ee6091e648d89c2a9439073ea3b0af11b9f10d8da4620e123e785fbcff5ae93c2da96abab5eadb39fb0d936033e46eebdbae0e3a1ed5f5d28dd1f1f7d4ef2ebe29fc608ddcc3a8c6f11e5731213b7b76f4ac3b8f8b3f172476796e2062d9049857bfb566de192c9cc0cad1819da1baedc903f4ac0b9ba0dc0ebeb5cdc8afaa36e776dcfacff0065ef815acfc44bb3e27f155f7f66da6e2902c1121964eccd97ca84cf19c124e7a62bcd7e3ef82c7c39f8b3ad785a3d463d512d7cb293c6823f95a30c11d4701d7386c707af19afaebf66ad56e6e574eb4b66fdc25b46303b0039c0f5ce6bf3cfc55e265f10f8a759d5f55bc0b73797d70f20915b382c40008ce30063dabc6c9b155b118aacea3d16891f47c4181c3e1307878d15ef4b56ce4f4e45ba796dcb228886f25e357e0000fde2318c5417d039cc968914cb93cac6abd7d30c7b55b46b2472ba75caa97e0e769ddcfb8fc2be90bdfd94be21e11e4b8d3f2eb9512208db1ff7c0f5f5af6b178ca58771f6d24ae7c9d1a152b36e9abd8f8fa68a681f64ca54fa1afd66f84c13e21ffc126be23f8525f9e5f0beaeb7d0ff00b09bede638fafef7f3af87f59fd997e25e8da54fab4bf6792d604691da393236a02491c738afba3f62ab273fb14fed03a2dc1050e9a261ec7ecd37ff00122b4a189a5888b95195d22e54e54a4a35159b3fffd5e93f6ba5d1750fd95be11ebd75024acde188ada3720165f32dad43053d4671dabf2dfc65a0782f46f04dcea76b6cdfda524b16c919db0031cbe0671cd7de7f1a75d9bc53ff0004c8f849e35b4cc834e98699330e4af9664879efd601fa57e60f8ab58bdd6b495b4b749192321cfca464807039af2f134d7b4526eda9e861a72e4718abe87b07c3cf8f7acd9e86df0fa4bab8782ee6803da02c5270c42b86c76601411e82be99d77c63e3d17304a2da51118c2c30c036a201d820c05fcb9afce6f05ff6a68fafc1e277b3995ad5924572bf22329c86271c01d6bf46c278f3c57e1787c41753c508500a6738c7bed04823e95f359bd1a74ea274d68ff33eab25ab39d392a9baf2e8795fed3da978dfc5be05b5bbd76c3ecd0da468accceac7d0315049cd7c11a25cb35ec704972d6d0dc1586791495fdd3901f763b63a8afb6fe2bff6d5c78667b1bbd520992543954563f779ea71cfbe2be1df0f6857de21796c74edbbe389a56de7036a900fa9272457b390e945c4f178875aca48f71f0843f0d7fe120f115bea4f713697791a3da3fefcc992492842fdf7524001fae3a8e6bd4b59ff0085527e1f6a3a5786edee21b9b3913cc9becef8dce5b6a48d20dc985ca15cae5c16c3002b84b18be23ddeb9690c129b38b4ed4511f75cb2a879624222e23618250e1b630cb01ce79f6df01f827c53e27d0bc456967269f67a66bd716ed279713ce76b88cc6632c10aedf343e401f3120855ce3d593ea78aafb58fcffd52de59dd4a1c6d0471f5ac87b7bd857729dc2bd3fc5ba3d9f87bc4126996ad23c69b5499576bee2a0b02bdb073c7eb5c941b5a57b77ec78aea83d0c1ee72e27997aa5753a2788aff004b45bbb15c1570197a86c8ee0f04715d4f857c19a878c75a4d07490824647919e56d91c71c4a5e4776ecaaa0926b5f4df85b7d73e2983c33637967729a9cbf67b59e390b40f20459301f195cee0bc8186383d0d4cf95ae59150728be689dcdbfed11e3cb0d066d07c231c1a624eb895e0c893278255893b411e9c8ec45785dac97daaacd0de4acbf38623279f5ebdf27af5afb4fc31fb39fc3f8fc40d14d7979756f1c6a8a92a7d985c4f35b1b987c9788cacea0232ba01bc1c6335f3678f3c25a9f857c54659ed4d9c134d2c114721db20550244dd1b93281b59705c73f50718e1e14a9dd528d8db1156ad4b3ab2b9cd59e8565142ce5373960431e7815b9e69b4d48443eeccb95fa8e45410310a51b20f7cd54d4248264430bfefe13b957b91dc57526729d141ae2dc5b4b69a80f3541dc99e0a8cfcc14f6afa63e10fec91af7c57d1d3c5336b16fa5e99336216746966703b9452028f4c9e7ae2be1bb7d40adcb2124ec6909fc70057e96feced71ad9f02d8dcdf6b3fd9f6258aac5129924c2f049c90a33e9cd78b9e626ad0a4a745d9dcf6f22c1d2c4d5942b2ba48fb0fe117ecffe1ef82d776b26a1e244bbf2c22aa987603c9273963d7f4afcf0fdb6bf67fb3f855f1064f18e82d1cfa2f88e792688467fd44c70ef11f5539dc8476e3b57dcb71ad7c32d02fa3d4b54bfbed599c0f9272bb13d70ab8ebfed135bdfb40784bc1df1f7e0dcfa7781862e2154b9b641c324d10c141927865257ea457ca65b8f961f11cf37a4b73eb335cbd6230dcb057715a7f91f8a5f0d3c33178a3e21e89e1e45cfdaefa0461fecef05bf4cd7ed37c4187ecdaa2ddea4d67e5053e489a19199132b8c34792496078c67a738c8afcb2fd9def7c15e08f8ab69aff8de4985a4493428c233f2cce0c64b60e404058377079afd2ab0f117c2bbabe4b5f0df8a53ca6c971f6f403b80815cefea723a003bf6aeee2155255e2d45d92deda6a7ca65dcaa0d37adce73e385c5df843f67af10adf456f6b2bc1f67845b962bfbf2a9d5b9ce4b1fa0af3efd879e4b1fd8bbf685d52e18941a624409f536d3f1ff008f0ae17f6d0f102e8de01b1f0d43abc9a97f6adef9c159958471dba9e032e49059d7a93d0d769f08255f00ff00c1293e26f8b65f966f13eb3169d0ff00b6a1ade33fa193f2af5b86e83a786727f69b7fa1cb98cf9aad9743ffd6f1ff00d9c2f1be297fc12efe22f80adc79b7fe09d406ad0a7de221f927240f4c24ff00ad7e589f88d741768248e3f813b7d6befeff00824bfc46d3344f8f9a97c1ff00129074af1ee97369ee8c7869a356741e9f346655fab0af82fe2afc39bff83bf1835ef86daca9f3740bf9edb2dfc6b1b1f2dfe8ebb587b1ac6ad084df3491b53af38691647aff008c755d53497d2e6b993cb44cf97c282edd721719c01819af75f875f124ae9b043addccad6de50050124e40c6460e6be43b89a49263339c9739352da6ab7b600adbb60139c76cfad726272e855a6a9a56b1d784cca74aa3a8ddee7d29e3ff0011e89240e2dccac1b91bd98f53c0af06b6bc9b45d4674b777891d7cb62000c51b0580eddb8aa36f3dc5f4e27bf72e07214f4fca9f0485d1ed1d89da37c64fa7a56b84c22a11e5bdcc71b8c78897358f4c8fe29086e85c17bf94ee0eca93456ea5832b6e22388e5b28a727278eb5d8e9bf162dedf4b8ad2db4d11a5b45e542d7379753796a324055f31231d4ff0f7af9fbed10b955b85f2dc7461dc5519679133139de86ba5d3472f3336b55d4e39e62636dccd26fcf6a8a0b988c86690e09ae6413d055b861918e6ad2b10cf78f84d7dae278ef4e83c346137374e6db6dc8cc2d1cca52459475d8549dd8e71d39af5d5d1df5ed6edbc47e10d552d74fb0bcb4b28974bb3923314f3ac8825f2e472e4aedf9a42e4b647a607ca5a35fea3a4dfdbdfe9ef24134122c8932fde42a72187b8eb5f7de8de0dd46f7c5371777faa5f0f2639ad228e11f6149d8c42ef7c4b69cc913a13bd570c18ae4f35cf5747735a6aeac24f07c39d135ad0341f11dd9d40c3a6dc322dcdc5ccc90cd0a3afca9982109e644ea8aae18e46e3583e1ef17fc2abdb2f0dea51c5690fd86e9fed91794a2e5d4bc8a92048a29252ea8eae0f9c02ece013cd67b5afc2ff000d5b68ba4f88f4785ef25925b4b9ce647b5f9e4432c9fbc918968e4468e3dbf2b02c18b714fd046a9e0ed065f0c691f6a96ef49b3b8b9905bdb3430ca2e59443732bcfe5c919b77dbb5c21e07040dd59d8d2e782fc469a16d7a5d72c279ee4ea321b9569229555e27030eb24ccd23e5f72e58738cf7c0f3bb8b94d462314e8d14a3eebe3a1f7af66f8d536b5fdb36b7bafdbc5f6fb9b2b423ecf711cb1048e3d84aac436059186e5dadc735e34b71ac372a8a07a57541dd266135a9c54f3dc4175287e1d8e0d7d95fb396b5a44ba35cd96bf77330b7914c502b84055b9639fbd8cd7c7bad5b3c172256fe3ec7922ba1f87de2c87c1de29835fbc845cc7182ac8403c30c6403c64571e658675e8ca9adfa1dd9662561ebc6a4b6d99fab43c4bf0fadaf621a3694935d381b8348f2b1c7fbc481f862bebbb2d792e747b29a4d1ff00b2b110c150178fef63debf2dad7f6a3d0aee38b4c33c908eced10555f62467f95767e27fdadbec1e1efb135eaea53aaec8638ce4e3d59bb015f0f5329c4ca4a2a0cfba866d8650727347cf1f1a61b6b1f8bde27b0b21e5c12dcadcc600c6d79577123d39e6bc9f5136fa9590bd96353305049f50383d2a8f897c6daa78ab5cbbf10eb0c1aeef1816c74000c28fc052585c89215b327248c0fc462befa8c1c28c613dd23f3eaf353ad29c366ce76792cdd72caea17b03fe35fac3fb59c2bf07bfe09c7f083e0e11e4def88677d72e633f7b69469be61eb9b941f5535f02fc1ef839e25f8adf16bc3bf0d604593fb62fe1b79245cfc91336657c7fb31866fc2bea5ff82aefc4db3f187ed35ff0aff4361fd97e08b0874a8517eeacb8f326c7b8dca87fdcaba4e2d5e0c8a91945da6ac7ffd7fc29f0378c75af87be33d2bc75e1c90c37fa3ddc57903838c490b875fc09183ed5fab7ff000535f05e8bf1174cf067edaff0f22dda3f8d74f8adefca0c88af234f90391fc45434473fc517bd7e3d57ec47fc13c3c71e1af8e7f0afc57fb04fc4fb858e0d7a192f7c3f3c9cf9176837b2267bab2acca075c483bd007e4039c1c0af6ef859e10f0d5c91af78c36cb6abf3045723183d5f009e48c01df3e95cef8afe1278bfc13e35d77c0fe2d84d95df8726786f43027695380547f1071f329e8548352d86b96f6d696f696df35ba489be363b77e0f700e07d7f5ae4c5f34a1c90762e9fbbef1f63ea173f0922b77d1ffe11db18552586299d43b3219543a952701172369e4fe5c57c9df163c1107817c4509d3f77d8e70cc9e610594e4ee462bc1c1f4e318aedadfc4f7138f11a5cb4789521739193b919428071c77ef5d5eb96f6de32b1b0b39f4f3aacb27961843be2947c8aa761e5492473904715e360dcf0d5526dd9efd7a5cdbdfaf7bf43e3c7632c1bb69214f5edf4aac51b6ee3c0af59f8a9e05b9f879e2fbbf0846ed751c223911f183b6450e01038c8ce0e2b0f4df0078e7c416a9fd8ba25f5def3f2986de570df42148afa1551357b983835a58f3f156e162a7f76d83ef5ef3a2feca5fb456b841b1f08dfa83de6410ffe8d2b5ecda07fc13e3f687d5f6b5ed8d9d806ef71769fa88c39a975e9ade487ec66f647c7d047a9e036e5c1f7afbb347baf03bd87863c41e2ebab7bcb878606985edc4b23436eeb2412314958c6ca92052b1c69950b960cb5dbe91ff04d1f882a05c78a7c55a6d8c6386f2924900f605bcb15ea7a3ffc138fe1dc575fd9de20f1a4f71719c797047146dbb19030cce7a1ce38e2b9ea6229bea6b0a135d0f90b58f8c165e18d02e746f0bdcc13dd1bd6789a107ca48a555624058e18dde3923f90ecc286f97a66b9dd73e3cac3afdff893c15606d2ef5155591e7113a8024f30858d6300e7254b316620f26b63e2cfecb9e28f849e297d135bb856b69496b4b9543b268f3d47a30fe25ec7db06bce47c33894625bc393d846067f326b278bc3c746ff33a2382c4495d2d3d51c6eabe3ad6b58812c658e08e185248a2458c7eee3925f3b621396015beee0e40246704d73a2eee08c121b8e9822bdbecbe0ed9dd296b8bf306de3126413f4088dfad5a6f83fe14b7e64bdb897d4247fc8b32f1f80ae98e213f862ce6961daf8a48f9a75048a6432cc8637e71f364573ded5f4fdf780bc3168a45bdb4b291d0c8e307eaa013ff008f572efe14b78f982d221f5049fe78fd2add7f221525dcf0ae4723914e5f30f280fe15f5ee99fb38fc53d5b4783c43a7683349637281e39a344daca7a11ce79fa5492fecff00f106c9985f6877c0a63766090e32323a03d47352b10994e8b5a9f25dbc73b11b23763eb826babb2d23c417077585b3a9ecc703f1c935f405b7c3e9b4eb836da840f04a9d52452ac3ea0806bd33c13f0eb57f19789ac3c19e1880cf7fa94c96f0a01fc4c7a9f4503963d8026adcaeb4325a33ea5ff827b787eebe0ff84fc6ff00b63fc560a74ef08e9f2db6981cae65bc9546e0ac3bf2910f790fa57e3778a7c4babf8cbc4da878bb5f94cf7daa5ccb757121e4b49331763f8926bf5c3fe0a4ff00123c3ff0b7c0de18fd873e1bce1edbc3f1c77daecb1f1e75e38dc88d8ef9669581e9b907f0d7e38d553872ab15527ceee7ffd0fe7feba4f07f8b7c41e02f1569de35f0a5cb5a6a5a55c47756d3275492260ca7dc64723a11c1ae6e8a00fdeaf8d9a6e87fb687c0ab5fdb43e0ec2b0f8b747b65b1f15e9b08dcc5625c97d9cee080ee5241dd09c754c57e5ce95169bacdf476d268965753cac15362bc64b1f68dd467f0ab5fb1ff00ed4fe29fd94fe2a43e2fd3435e68d7a16df57d3f3f2dcdb13ce01e048992c84f7c83f2b1afbbff006abfd9e3c37a35be9bfb61feccb28d4fe1feab3457d730db8c9d3e5de0ba95fbc9116c82a7fd53654e062b9b1107cae51dcd694acd26790782be0e234d1ddde68563a7a03cbcf338ce79c9064c13c719afb3bc0bf096c3fb36eee348748cc30170b6d6e225390c570e41671953839c556bad06cee751875ab2d222bf8ee218c892497644149eebc0e415ce4904638e0d7ac7867c66de1b9628f59b9836156b48b4fb140eaae8d9e594009e5afca41240f98827a0fcfeb6655ea5a49dbd0fa18518c743f1dbe3978aac27f1e5f5f58ee75091c7b9718dc8801ebd81afaf3f63bf8bd737b6565a3de5d4be4237d8dd59cb08c4a7744c1403821c143d382327b1f913f682f0ccda0fc4bf10691711988fda9e6443d925fde20cfb2b015c47c04f1547e18f1bff0065ea18fb35e8f29f383b431187c6547c8e15b938e0d7d5d051a949ce271621ca3249ec7ef778a756fec6923bcb9d4c5aab32aa5b606f72c42718f98fcc41cf419e78a9a68acd277b6bdd46e1e512346eb12c85c3606471f281b5873b40c1cd606857f79e38f0241ae04b78f54b606391aee12e91c91fcb21c1504640dc08047d79aec60f374bf0d5b41a96b1307b68a382696389d9ddcfccafd339906392083ce3152843f45d1b4af37ec49a7ddac3332b3f9cbf2e500dac725ba118e0e41faf3dddaf87348b5e21b75cfa9ebf9d725a25f5c5b0379a6dbea7a83ba05d970c170074187c283c9c9c83c73dab761d47c797b2a08b4db7b68f8dc6598b13c7230a3b1e33ce7afb14d02654f881f0dbc35f12bc352f863c4f17990bf31baf0f1483a3c679c11e9d08e0f15f899f1e7e14f8ebe0c6b1268f7e37c326e6b6ba55f92e23f553ce187f12f507db06bf739b4bf1b5dc8867d4a0b541b77ac30ef271c901988e0f4fbb903d4f355fc73f0cbc2ff123c1f2f833c5e8d776ef9292b63cd89f9dae8dfde5ce3dc70739a8705752ea6f0aad2717b1fcee780be24c77aa345d7cf97327ca92377f40c7f91fc0d7b6ac514ab815e77fb4b7ecdbe2cf831e27293c7e65b484b5ade460f97327e5f2b8fe243d3dc735c47c3af894a85745f1036ddbc248c7a7b1f6f43dbe95e8d3a9ccb9a27055a567667b35f690afce2b1934342fd2b9cf8a773e26b4b6835ad0af6482d5709702300edc9e1fa648ec79f4af371a8497b7b3c769acdc5e43f6476898cacae6741bb050052a1b0540cb7d735551ab5db0a14dc9d91fa95178d7c2baa7c2bd0fc046f2258ed6d606986ff2a58ee209378dbbb6e7181d1b07353e8d6be1ad227d3f50d06e2dee2e6cc5bcb1cc2656712244d1859145cecf911b63610838072480d5f99de1fd7755d2becb7b6b0dedcf9a4fda2de4577545e9c3b2825b8ce3047fb5dabe9ad1a2b3d66c62bfd38892294641c7e608ec41e08ed5947b21d48f2fc48f7ef8f3e4f8aa3d2bc792623b91becaea250a3795f9e370373b052090096f635ec1f0fdfc3bfb12fc07befdaabe22c08fe24d6226b4f0ce9d2f0e5a55e242bd4061f331ed10c75702a2f80df047c1fa1787aebf686f8ff22699e0bd097cf51371f6c910fcaaabd5977701473236146466bf24bf6c1fdaa3c51fb56fc559bc5fa886b4d1ac81b7d234fcfcb6d6c0f0481c1924c06723be00e14577d18596a715495d9f38f8b7c55af78e7c4fa878cbc5370d77a96a97125d5ccce725e5958b31fccf03b0e2b9fa4a2b7333ffd1fe7fe8a28a002bee0fd8cff6d0f137ecbbafcfa1eb101d73c13ad1d9aae912619595c6c69620ff0028936f041f9645f95bb11f0fd1401fd4d5e7c23f85ff0011bc1761f193e00dc0d67c2b24188ed62625acc05c347b3efa94e854fce9f400d7cf137c7df839f0c2fef06bfa9d8c52b1e23b42b35c3b6493b8440b77e4c8c3e6cd7e417ecd1fb577c5bfd95fc5e3c49f0eaf3759cecbf6dd36725ad6e90767507e5603eebae197d48c83fa8ebf0aff00652ff82855acde38f8033db781fe23b2b4da8683758586e5fab3c614007279f3621ff5d10139af9bc5f0ed1a937522dd9f447a787cc251b465f79f17fed1df14fc1bf17fc731789fc2d6b35a8580412bce54198a13b1b6a938c038e4f4c57c71ac81a6eaa97d12e551b2401c11dc57d15f167e10fc42f823e297f08fc41d2ee34db94e10c8a047281fc51483e475f7527df15e39acd94335bfda655188fe6607272a3a8e3d6af090541aa6969b1d7884aa42e8fd82fd923c6f2ea7636f3a069a3d4916de7748e42bf6bb751b49611b01be22325dd54630a335f6eda69f7b67248a9325bdb49bf85023daa47cb8e06190f19c9c8afe75bfe1747c40f8697177e18f87f7ada4d83946296e5c6f1b4105b2c72464d77ba0788fc47e35d234cd4fc59e2fbc49751b892210ef404ec24305255d8606d62c548e700135d93c2bddb3823885b58fdb5d4ee7e1fda44f178a3c5a64727e6d977b4e0630aab1b332f23d727a1e38aa8df1ff00e12f866d8dae94d7572bb8b7ee6dd91373724ef9bca5193cfa57e2d9b1f0cc7743fb775bbbb8d3d2742f74fa86df959e2db1f94a50b23c6ece241b7a745c115cb69faafc2eb9b7b1d484366eeb7d3a4b1dc895e5923605626087ed390370201dc32bc86e94beacbbb0fac791fb2dabfed8be0eb352211a7da9ec750d56d2227fe010b4af5e4fac7edb5a634df65b5f1268d0c848509616d7d7d2649c00098363124e0631935f9d56b77a1e936514fa5f87eeee96ce69a2898588806125f3833b3af32008071c05ce5077d85f1c7896389b497d08b47a7bc123ddea522dbce2513c4be6ca53711ba681bcc033cfcd907927d5a3fd30fac4ba7e47b27c5cfda97e1c78eb455f0ef8db5ad7efa16916745874d8604250b2e57cd9d78ce467667822be33f1fe87e01d6b41b5f1d7c2c8afe087ce96daea3bf789e4122047575f25542ab2bfdd3939079aed7c47e09d5fe235e476778ba75a5ec0d3166b579e470824977ed8df6a6d79d64ea77027d08ae1fe1fc6fa79d73c15a838716d387f97382d1968988cfae455ca30a5073a6b543a739559a8547a321f007c458021f0c78a537da4c3cb2cdc8556e0e7bedfe55f4a786be0ef82a7d245ddc78c56dec9c04c0b9810918202f037920123d6be57f107810a4ff6fb297cae73c8e86bd37e11fc1ef8cff15b555f0afc32492fee266fde2db464050782d2b921117dd88151eda134b97ee35fabd48377fccf6d9fc33fb39680e60bdd4f53d59d3e62b09b8c7d4b49e4a8cf404903debf41be057c18f849e04f86973f1c7e3269b2f843c17678b989350987da2f99ba7ee94b300f8015771693b0c735e4d6bf0a3f66dff827d5845e3dfda5f565f1c7c40dab369fe1cb660d0c0f8cabc8a46383ff002d251b47f023119afcbdfda73f6b5f8b7fb5578aff00b77e205d793a7dbb37d874bb7245adaa9feeaff1391f7a46cb1f61803b6950b6b2386a55be88f4bfdb53f6d7f13fed4de238b45d1a26d1bc15a436dd334b5c282146d134c17e53211c281f2a0e07727e16a28ae9300a28a2803fffd2fe7fe8a28a0028a5a4a002b434ad5b54d0b518758d12e65b3bbb6712453c0ed1c91b8e8caea41047a8359f45007eb27c21ff00829e6a77be1b8fe17fed7de1e83e21f874e13ed52227dbe21d3765b0b2301d1b2927fb66bd6753fd8eff00662fdaa74e9355fd8d3e21dbd85f4ebb9bc3fac922543d762eefdfa81d33b655ff006b15f885535bdc5c5a4e9756923452c6432ba12aca474208e41a9708b7768a5392564cfbe3e2bfec4ffb477c35f18da378f7c277b3696ed047717ba70fb541b7215cf9910629c739755c579cc565f04edede6b6bb3b5ad2e36149249412c8623204dcca42637f0c9b9cf0082067abf84bff0519fdadfe1047158e95e289357b188002d75751789b4760eff00bd51feec82beb587fe0a81f077e242a47fb477c19d1f5a97f8aeed047e667b9559a36607fedb0fad4ca9dfa8295ba1f0aa6bbe01d32e21369fd9e2e20962b8bc10db1b88a608788edd994f97c005b951f31eb8c56ecfe3fd32e52f27d1344bd13de4b6f34728548cc125a8fddb866521d98e72485c0620838afb897e317fc1263c6aa24bed03c47e1391faadb19422e7feb94d283ff7cd583e19ff0082476a83cfb7f883aedab37559e19df1ff007dd937f3358ca9cba2b9ac2517f13b7c8fcf7bdf15eaf3ea8d756b690dbc666137fa4dc2ee321b768243b509dbbc303850002056b5f78bbc79af46e352d4e02d2a18e436d6b24cef11321d8cce02b01e6360e41e9cf15f7e47a2ff00c126f484df37c46d76e001f721b79573ff007cd88fe62ab49f1a7fe093fe0c065b1d1bc49e29953a098caa8df83cd081ff007cd66e9d57d123552a2b76d9f9fa967ad4fbe3babfbf71712348ca0c36c19a4ceeeeee036492a323249c66be81f84bfb207c6ff891a89d4bc0be15bb65b8043dfdfcb22a306c67f7b2ac48deb95563e99af6bbbff82a27c1cf87b1987f67af83ba669928184bbd4191a4f625624de71ff5dbf1af92be2cff00c1487f6b9f8b91cb63a87899f45b1941536da3a0b45da7b19149988fac86a961a7256a92fb84ebc22ef4e3f79f7fde7ecadfb367ece96ebe20fdb17c7b6ad7483cc1a0692c5e790f50ad806623b642c6bfedd7817c5cff00829e5c691e1d97e197ec73e1c83c03a09cab5f04437f30e9b8632b1b11fc44c927a3035f9357577757f72f797d2bcd3484b3bbb166627a924f24fd6abd6f4e8c29ab4118d4ad3a8ef3669eb3aceafe21d527d6f5fba9afaf6e9cc934f3bb49248c7ab33b12493ea4d6651456a6414514500145145007ffd9', '68cae0e671e62d31e26da7b58e66fb1d0aebd6f7adad82a9e0cf2ecf86670c83', 16036, 192, 192, TIMESTAMPTZ '2026-01-05 12:00:00+00', NULL),
  -- Greta Simon (avatar4.jpg)
  ('a0000000-0000-0000-0000-000000000019', 'image/jpeg', '\xffd8ffe000104a46494600010100004800480000ffe1004c4578696600004d4d002a00000008000187690004000000010000001a000000000003a00100030000000100010000a002000400000001000000c0a003000400000001000000c000000000ffed003850686f746f73686f7020332e30003842494d04040000000000003842494d0425000000000010d41d8cd98f00b204e9800998ecf8427effc000110800c000c003012200021101031101ffc4001f0000010501010101010100000000000000000102030405060708090a0bffc400b5100002010303020403050504040000017d01020300041105122131410613516107227114328191a1082342b1c11552d1f02433627282090a161718191a25262728292a3435363738393a434445464748494a535455565758595a636465666768696a737475767778797a838485868788898a92939495969798999aa2a3a4a5a6a7a8a9aab2b3b4b5b6b7b8b9bac2c3c4c5c6c7c8c9cad2d3d4d5d6d7d8d9dae1e2e3e4e5e6e7e8e9eaf1f2f3f4f5f6f7f8f9faffc4001f0100030101010101010101010000000000000102030405060708090a0bffc400b51100020102040403040705040400010277000102031104052131061241510761711322328108144291a1b1c109233352f0156272d10a162434e125f11718191a262728292a35363738393a434445464748494a535455565758595a636465666768696a737475767778797a82838485868788898a92939495969798999aa2a3a4a5a6a7a8a9aab2b3b4b5b6b7b8b9bac2c3c4c5c6c7c8c9cad2d3d4d5d6d7d8d9dae2e3e4e5e6e7e8e9eaf2f3f4f5f6f7f8f9faffdb0043000202020202020402020406040404060806060606080a08080808080a0c0a0a0a0a0a0a0c0c0c0c0c0c0c0c0e0e0e0e0e0e101010101012121212121212121212ffdb00430103030305040508040408130d0b0d1313131313131313131313131313131313131313131313131313131313131313131313131313131313131313131313131313ffdd0004000cffda000c03010002110311003f00fdfb1d2969074a5a0028a28a0028a2bc6be357c7ff0084ff00b3e7864f8a7e29ead169f13644100f9ee2e187f0c30ae5dcfa90303f8881cd0dd812bec7b2d78e7c58fda0be0c7c0eb0fb7fc53f1159e9191b92191f75c49ff5ce04dd23ff00c054d7e257c55ff828a7ed1ffb446a13f84ff66cd35fc2fa364a3dfb15378ca7bbce731c19ebb63dce3b3d7cf7e1ff00d96acef2fdfc47f14b55b8d73529cef98991f6b31ebbe5726593eb95ae2ad8e853d0eca3829d4d4fbffe24ff00c1623c156f72fa4fc13f09deebb39e127be6fb3464faac51896561f5d86be55f137edc9ff0506f884925c68a96de17b3619c5bdac51903fdfba32c9f8802bb3d0bc0be1df0d5b0b4f0f59c1651fa428149fa9ea7f135a77fa203a55c9f44feb5e6d4cce6fe147a34f2e82f899f2beaf7bfb6478bc17f167c47d4b6bf2512fee42f3fec45e5a7e55e51a97c02f136a321b9d6fc42f7529ead22c9213f8bc99afbbbfb12430ac81720019c738fcab16ff46ba481a58e1670a3f846efe59ae7faece5bb349e16115a23f3d2fbe1beb7e109c4da56b52c3303f29843c4df9abe457a8e99f12ff6b0f0269f0ea5a37c42d5edd5fee4325fdc3e40efb252e98fad7bee8da0f85eeafdeefc40374a841546fbbc9ea6bc9eeb4db9f89df151b46d3c6db65936e47458d3a9ad163649b5b25ab678d566e2dfe07a5782bfe0a41fb6bf83417d52eed3c4b6d6c40916f6d232d8f77b6313f3ea735f6b7c31ff0082c6781efe68f4df8cbe15bbd1643c35ce9ee2ea207d5a2711c8a3e9bcd7e53788f4cb8f02f8daf2db4775b94b762a3bac89fdd3ee3d6af6b169a36bd60dad4f0bdde9ab031112050f6f2f00893233b412391daba239849252dd31cb95d3f696f53fa89f84ff00b417c17f8e163f6ef859e22b3d5c81b9e18df6dc463fdb81f6cabf8ae2bd8ebf8b88bc13e21d1e383c6fe1892e34f3149882ea17646475e7e59108653ef9afd0cf80dff053ef8e5f08dad743f8ed6afe2cd0db0ab79f2a5fa28e3225e239f1fdd90073fdfaf469e2e32dcc23cb3f819fd1dd15e37f05be3ffc27fda0bc323c53f0b3578b5089702787ee5c5bb1fe19a16f9d0fa6460ff09239af64aea4ee4b560a28a2800a28a2803fffd0fdfb1d29681450014515f90dfb77fedddacf85b587fd9bff0067076bbf175db7d9ef6f6df0c6ccb8ff00530f637047de6e908ff6beecca4a2aeca8c5c9d91e93fb65ff00c1443c2ff00e79be19fc2d8a3f10f8ddf11b4432f6f64edd3ced9cbcbcf10a9cff0078af00fe5ae81f013e20fc65f13bfc59fda7754b9d4b52bb3b859c8ff305ea11cae16241da18c003b91c8af5ef80bfb32e9bf0c611e29f1515d4bc4d719796773bd6067e58465b92e72774a79639c6075fa9e2d3d33c0af1f138a94f48ec7a9428461ac8f1dd2fc01a169b39d234fb716f6d144a638e3f91541f40315d02f81b4e3fc2c3fe046bd2a3d3546b4fc7fcb08ffad6f2e9ea3b579bc9dcef550f1e3e08d2604df2657dd98d727addb681a7464cbc291ebc1faab7f315ef3acdbf916af36ccaa8c92ab96fcf07fcf7af87fe2af896489cac796446c9c1e99e030ee391822b2ab07b44ebc33527ef1e83178834eb46dda7449b979db9c71ea19703eb5d9e91afdb5dc5f6a7b61279470fc6d7009e437407d41eff005cd7c89e1ef13abec93055a27190792370edfe0782091e95f42f876ee0575d46d5c0dbb6399339f91b946f71e87be31d78af0b1329419f414a8d392d8f43d67e1e785bc60cf7368a2192557594af00ee040703f8583724743c9eb5f35eb3f0f3c49f0d506aba27cb35d2b5acf263255836d46cfa38dbcfbd7d8fa45c69c351b79a06d82e1cc7200781202a4103fda1cfd41f7ad7ba834fd71123d51018a46647f70fb09ffbe4f23e953433092f767aa3cdc6e514aaa6d46ccfc6ad4a5d42f2ee7f2b2cf27576ebd013f8f3cd68f83db50d02fadb5d963596c65984174add1a37e1c1c7aa935f50fc53f8453e95a74f7fa6c5bcc7cc857be403b87e7823dbdebc8fc07a45a6abe19d6b40bd9d565601e00fc6248f3c03ee38afa255a1529b71d99f098c855c2d6e59ec6ba5d4d6ba15ff0087b42b45bbd2b537f2c44199cdadc29c107700c31d4673c7735dafc22f09da3787752f0e78b2da3d9148564170a0a6d232739e31deb87d17c21e26b8f0f49e3ff0d5da4616575b8b591f6312a7394620a9ebc061c1ce08cd6e69be34bef8a96cbe0eb5bd8b4ebb7204e6556469541ecc32bbb1d8b0cfad44a5cb07cafd5f6f513c3c276a949fcbb1e633786bc61f0afc6b7df16ff66ad46e34a8f42d85e5593018b9e6250c08915ba98a4c823f015fb41fb187fc1457c23fb40bdbfc39f898b1683e33c6c8d73b6dafd875f20b7292fac2c73fdc2dc81f0cf8abe1fcfe21f0d786be1678390c76534f24f7930e73b3ef3c8ddd89ff000af98be3dfc3df0feb3e2f8f4af8756eb677da60485278894695e3e43332f4653d1fa8f5f4ebcb734e67ecdebbbf44b4bbf52675e29da7b6d7f33fab8a2bf1f7f606fdbe2ffc67a843fb3d7ed073987c5101f22c3509c85fb695e04331e9f6803eeb74947fb7f7bf60abe9213525cd12a51717661451455127ffd1fdfb14b482bc77e3efc69f0c7ecfbf0a357f8a9e2a3ba1d3a2fdcc20e1ae2e1fe58614f7772067b0cb1e01a012be87c65ff050ff00db326f803e178fe17fc359b7f8dbc411e2268c6e6b1b773b3cec0ff96ae72b0afae5bf8403f137ecbffb3d41f0cb453e31f15e2e7c4faaa99279243bda0590ee31863925d8f32be724f19c0e7cabf675f037893e3978db59fdaa3e3231bbbed4a695ec55f3b778054c8a0f48e1004508e8304f606bf41349f0ee98da740f247962809e4d79588ace72e547a74292846ef72c0b58fd455a86d1339c8ab70f86b493ff002c7f53fe35e0df1abe327c3ff84da5cf6b6460bbd6d70a96a5c8119619dd21ce06073b739391dab2a7467565cb04693ab182e6932dfc58f8d5e10f84da9aa6a99b9bb9add36411b018193cb139c67b0c135f3fdcfed7da9eab88fc3f650419e8cdba53fa951fa57c31e27f11ebfe36d7e6f115f4515ecd39258896366c63b024600ec074c62add9eb53e87b7ed56cf6e491cb290bf8374f53d7b57d0e1f2ba304b9e3767955319524fdd7647dd9a1fed2da9dd4d3699e31b14bab623689a1023707bfcad94751d3a8e7d6bc57e226b5a26bf2c971a04c5860931ca36b807a83d88f707f5af3ad2f559bc4f716fe1fd2ed9aeefaf5c430c1102d24923745551f8fd3049e2b98f19681e3cf867e2f8341f1069f35a493c883cab95dae81cedce790c9ee323b1ac31b975069b868ffae87560f1d522d27aa2c683ab5e58dd8b653bc12170c33907b1f5f7ee3af15ee5a77895e368dad9f0c8854edc7ce9bb3f89523a76af38f0c7874c53378a6fd0041e6f96b9e098d18eec7a1208fcf15c4697af918bc5e6393e7603f859ba9fa1ef5f058ca0a727ca7dde12b38a5cc7d8fa078ea5f2a4667cb280ea7fdb4e07e473f9d7aee93e2c8358305b23ed56b901f9e55550b313f80af82b4ff1008ee9e3df947239ff0078e0d7aff80f53b9d4fc7917822cdc2c9abda930124002685893c9c6372641af2bea776cefa95d28dcfaf6df58d3b59b3b8b5bd52c4cacecbfec11bb6e3e981f8d7c51af695e1ff0f4371a3db6997173aabcc584911c60b12a01ebc654d7bdf87b5b974bd63ec77aa56e15f6c89d0862c4b0f6e8a82b63c6734361126b4d10ccb2f9876f7c12093edc103e86bb30355c25c87ce67d828ce1edadb1f1fc5a2f8a2d10f86fc50eda5dacdfbd58cf5627963e8323f1af534f873e02bef0d59585fc060ba0aa56780ec9959b9fbddf19e8735a3f19fc5da7f8da1b55d1edff007b6a3796c73b4751f4a9340bfb3d574d87565ff591801d4fa8af4a4ea38a94959b3e1ea55e5fe1b0b687e36fc1dd563ba3049a9e91202b2ddc641492361842e37663933853f2e3b8cd71ba778c3e1c586ada8c1632cbf6e9c148e6b965280b0c9270aa579e00e7f3e2bdff005bd5752d6fc077b613b6c5b85558b2781839af28f88fa2786ac7e1669d6cb6b04978cc4bcc1177e79c8de0671f8d7261a1294b96a2b36d276d2fd6ecd278aa6fdead1bd91f3278dfe1acdace9b3788b499fccd6ad9d2483ecac4b3a839c82bf3065382a4720d7ede7fc13c7f6cd97e3f7859fe18fc499b678d74088798d27cad7d6e876f9f8e3f7a870b30f5c37f1103f162fb4ff87d67ade936327dbbca78ff00d30e9844974cec308b1a48c13717c0c7a74c9a5f8a82c7f66bf8c5a178dbe0a6a37fff0009068c12eb5217af14860b96eb6d2184056cc6764ebc8cb6dce41afa7c2d7945fbdb336a5ec650b526fe67f5ab4578dfc01f8d3e19fda0be13e91f14fc2c42c5a845fbe83396b7b84f96685bdd1f233dc61870457b257b064d5b43ffd2fdfb1d2bf9faff008280fc46d4ff0069afda7748fd96bc2370c346f0dcbbb51910e54dd15dd3b9ec7ecf11d8b9ff00968cc2bf69be3efc56b0f821f06bc45f14f5001868f6724b121ff96939f9218ffe07232afe35fcc47c09f1a3783ad757f8a7e25d401d67c43349975025b9752e5e5700f0824949cb3103e5ae7c449db951d1422afcccfd75d1f4cd17c31a1c3a269ca96965676e20853215551176a8e71d87e26b5f4af10f8752ca289af61dca832038247e55f90f7bf15be247c4bd51b4bf0445e57243dd5c3799e5a8eacf237eed40f45527d335dc7812c35df0ddf4b77e12d42f35bd4e552b737f34d2436480727643132ef51d732311df6e2bc9c4d5a7865cf5e563d6c2616ae2df2d08e9dfa1fa61e2ef8a9e0bf04785efbc517b771cc965197f291c6e76c80aa3ea481ed5f8a0bf16b4cd4bc697fe2dd6ee98bea329f3400180479373e5720b6701703aa93d38afd00b6f837aff008aedf6f8abc48f289b6892058c346dbb0c01555e4742721b1c75eb56aebf61ef8596b21bdd46684a4832c811118066db907e52727800722b830dc5985a6a508c1bf33b311c3b52eb9aa25f267c4d7fe23f03ebba6db5be86d6cf7b7f716aae66895244688b23cd2be000b2208fe456c72e5b04035f41e8ff000b343f1314bef08a4da5c5a84e0c7242cf35b0b712cd1381131666654895dbe7c069553001cd71df173f64bf05782603a8786ef9e223f84be403db1edd00eb93d09af930c9f10bc01789a869f34aa8922956cff123065c11c1c30047b81debdbc171161711eed39b8bf33ceaf906269ae7e5e65e47d31a5f85356f07eb9a57c43d22d6d351b8b445d424b4b69046f2dace4c2f1b46e02b1952464062c95624677038e03e2dfc4e6f8b5e30d1f44f0ec3776b656c521896ee4576b7431c69b11547c91222027e662cdf31209e792b7fda1eff00579ade3f17c0be54325bbb7948b1b325b48d2edf970b9791b73b1049602b96d0fc4971aef8a359f12cb279b30b776420003e7217007f080bc281c0038e95e8e2a6b92589dda5a1c185a2e5563879689b3eaaf03da5af88751d52dd5f6c462921b7423b2c4d0c7cf6dc5e47ff00788af912dafe6b3436b7398a48b721078ef820fd0d7b3783f5f834ad5e067b81b53cbdaa8c3cc93681903918e7a13dc7a735ea3a9cfe1ff116b47576d0edbcebb259d5d73b32e4ed04f5c7af53f8d7c2d39ba539ba8ae9dac7ded682ab187b2dd5cf996cf5768e61bb239ce0f5e47f5c647ad7a5787b5fb9b4f1f687ac00c0d94d1cac7bf96e48907d0a66bde5be189d73486ba8348b6d8dba591f1868da5239620f53d97ef638f6aa527c34d1e5315fb6a31dadfc4815e1b860be78fba16363c06db81c919391d69d49c1a6e0b5b134e324d29bd0f75f8b3612e89a9e9fe37e4cd3ff00a1de8503689e1e1641ff005d54647b8f5355f52b93abf86de791800b1a247b8801540ef93d80c8ff007beb581e27d57ed7e15f13aeb12b33245637486407e4753b0e4638caee1f4e73c9c7cb33f897c45e29bf8bc37651bcb13e3cb8c2f5cf4771c1c1eaa0f5183839ac3078694da9ae84667562a0e94ba9ede9a8784fc2fbdf74baa4b2fc98b74ca018eec41efed5d7f847c41a25a812c7a62c10103cc3bb38cf1bd87200e992a31d41ad0f00fecbde3fb98967d4eef6472f60e63fc0e01fe5c1ecd5e8be2dfd9efc5be01d224d7ac9daea2853ce910edcf230f1b63ef672086ef8e79ebea544df5b9f3547078787baa24178be1bf15da9d0ac2536c6607240cedc7185e7039ea4fe02bc5be267c3ed72cbc0f733c57b6ad6ba415e5a462f2798c1555088f616624e14b0385638c026b734bd37c77a6cb23c166cbb7e677c74121dca11402ccdce7a601c93dabb4d03c5f7a9e67873505963d3ef0e6786754c333285dc2429bc120637038fc3358c272a4d3b68b527159452acbf77a33c57e227c47bad0eebc35ad781758d335bbcf0da99c3258942d792a66491d0410c5e5c67090aab1236ef3c938f16bbd5b5df8bde26d36d7c4b676109b85999fec76915a0632f32190c6a0b924672c491cfa9af62f1e7c3297c19aefdaf446171a55e279b0cb9048cf25180c6197a1e2be7d7f10eb0de258478410c97111640c17232dc11e9c7ad76ce5cf07ecadb6e78337384fd9cd7c8fb0ffe09a7f1a6ebe07fed03a97ecebe27b9ce91e2498a5a316f912fe31fbb23d3cf8c6c3eaea82bfa2aafe34bc77a2f8afc257363e3b6bd58f53b7ba59a0788e5d248df7abee1dd5c03f8d7f599f003e2bd87c70f835e1df8a76185fed7b3496641ff002ce75f9268ff00e0122b2fe15ece06af3d349bb9bcbde4a47fffd3f64ff82c27c4abab6f04784fe0968ec5ae7c417ad7b3c6bd5a3b6c244a7d9e59411ee95f265bfecc7e19d3f46b6b1bed2816b68904b216906f655f99d806c72726b63f6d2f187fc26bff000516b2d3e5226b4f0845651843caee850de3f1fefc801fa57a5fc44fda55f4ed07fb0ae9145cebb15d5b5a6d4c92e223b8e474c035e7579fbceccf428d37cab447caaf3daea5a85bf817c391a5ada5c37ce235da3cb0785e3d4649fc8d7589e3a8fc0aafa3da3982d977797300aa5d8ed53c02d8c6e240e4f439c824f9b7c048e4f10788ef22b86db2c31e10ff0016194e48c73ea7ea0577f3e95a9c3adadc416a932c124c91473a12000851ce0e39cb065e7838241e6bf3ccdab2ad8974eb7c297e27e9b95d18d3a09535a9ea1a778db45834c1792d9dd5ece81516413ee4f2d72cfb40c05073963b813919c6735f40f87750171a72b4aaf691fee4c708666cb91c95772caac320fc818e4f1eb5e3da1787277bb9bc3d6d6ade4d96e86317016565589483210c36a330c7071838c02071ebba2f81efb4264fb33297787cb05e30c858939e1486033c8393b400303a57ccd6b5ed4f73beaf25bde394f1e787759d6efa4d59d22f236ba3382564629d763c8f963823214a815f39f887e1f1bd86dae70d7314276dc2baa794761180e632a4ff0074283ce39e48afba750d2520cd85ee252de5fda01567c97c2bf9680b28e4705b3d41e78032b5ff00004b7da6b58c2401fc232c9e580bbc7cc7ef93dc90093df91450c54e934c8f6b071e57b1f955e3af86de1ad4649358d2ed160b5705884ced466e02ab372c39c824e7a8c7159ff08fe04ebbe2ff001ddc69be0ed2ee7538638d7cf11b0841cb0211a562150363ae77633804d7b3fc57d2a7f0c5e9b4ea89cba95c33900e7763d49c93c1639cd7e827c15f16f83fe03fc0bbcf1dea1686e06976cb753a41feb679a609c73c0cb30504f45f5c62bef728af52b45b727cb63e5f39e4a16708a723c226f85f69e1e369f0fbe317816cb45b0d518436da85980cd0cf8254f9e092c7d55c29232416c1c61f853c1da6f8585ff8735e310b8b3dd03b484963e53e50aa80465fa725719ce4e2bebdb3fda1be1f7ed5dfb2cebde24d2608a0beb6b7334b6e1de57b2b988b4b00f31a288339f2c31da0800e0935f0ce93af8f1978bb54f126a126ddc63daa78ddb979f6e3f9e2b5c7c561a49bdbb3ee63954e58b8bd2cfc8f5bd6fc603c35e1e9b4f863025669640f82026186d2bc13b8b0ceeed918cf5af4bf03f81346f04e91a768d67a047e28f196bf00bb996e155d2daddba64b10a8a33ce48e7a64e057926b9a40d63417bbb35fb4a4903056fe24910138c0cf5da0f2460af19afa5be07fc45d23c2da0f8dbe2df8855aedec57948c032182cadd364699f562c79eed935cb859d3c454f669e895dfde74e3e33a149d56aeee7cebfb597c21f1d787be116a7e244f0d0d2d02422ebfb3a613da88d6407cc618578f6f71b4a63072315f23fc39f1c7837e10e936d73a8c02fb54b821920046738fbcedced5edebe82bf66bf671fdaf7c01fb547832ece9f6e21bab38775fd8b879228d26792311348e91891995373800a80e0649c81f81df10bf67cf14ff00c2f0f15f857c110abd869ba94ab6ed2cde5ed89f1246aac4e728ac17f0afa1a786a74e2e17b2dcf98fadd4ad2f796abb1f7ec5fb615df8522b0b2f186956d0d85c9508f66cc5a1dc78dc1ba8f5c62bf4cbc29a98f13f8423b8ba00c73a06048eaa467bf6c57e1a689f02adbc1da745e28f8cfa9c57a965fbd874cb6b9799e765e55666276a2679200c9e9c5775e01fdb297c497eda7f8b75d97464dc362c10ee8a147e808520e00ea467f3a50c2a9eb4f626acd2dd58fda8d2b42d1b4db3114f0c71e73905401cfbf6af3df8a5f05fc2df10bc3b34fe1530c57b1827743e59567f47201393f5fc3d3f3fbe2c7c65d77e30fecfdad693e01d57ed173e1dbc866b8bab62d10b9d3e52537648debb5c8dd91c2f5e2be7ff0086dfb4bda7c25d22d13429a58b54865533c3293b268ff8d339d8d91d3049cf358cf0f2575634a4efef7358f71b8b5fed4f026b9e08d4133a8e8e44d0b124bec194704f19200e72327038ce08f8db52bed2fc1f6125b59b08e62a70abd493ebed5f766bdade89adfc535f13787265361e23b06903641e5d304119ec48240e473e9c7e73789749b58b4d9f53d5e5df7929ca827eef3d2b9f0f152f765b763cdce172d48d45bb5f91c76bb3df6b76524b7ce25882ed3b01291971c64f404e38fa57ec57fc11cfe2849a9f807c4ff07350933268b769a85b293c886ec159147b2cb1e7eaf5f95df0bfc513fc35d446b7aaac8da7ea719b5ba84c64c6f131c8277028c51b040e78c8ef5f4cfec05e2cd3fc0bfb798d1746648b4cf13da5d5b22c67f7786885d46003e8f110076ce2bd4c1d671afec7974b68fa3eebe472515eeb57f33fffd4f817e30f8f353bff00dab3e2078c7499104d36af7f0c6ee5480893f94b8dc403f22003dab93d43c4df10359d434cbdbc29752e9723bdaf0301a6015b3b4907231d6a3f857a6dbf8d756f10ea7aac4b3c93b898ef19f9a577627f1ab7e25f075869fe2ef0fe9f650f931df89cb804f263e98f4c1af3e1522db4d1dd3a73b269e87befc2c23c33e228bc6fa5bc7880e2f2d37ae4f23cc419e3729e579c3018cf35fa49a87843c35e37f06378dbc1d751cf6e73238037321dadf2b05e415270470c4000f35f9f7f0c7e1be81ab477163ae911c2d891b24e59f7055527af25b3f857e82fc11d3fc37e15f865ab5a785600886e1e2919000ce546d0c4fe679fa57c167d84a519b773ecf2fc7559d38c968d7dcce63c11641e78632ac4962ccebc1df827043704162c79ef8f415f4ef87bc0fa65ad8b0d426676da1b320c609e72304fe9ff00d7afc73f885f0ce3b8f8c96f6ff11b55d4534fbb01bce59dd7613ca85190a02f4c281f957ab7c58f03fc42f82fe14b1f117ecf7f14751beb66565b9b6bcba8da3b75c821955896652338c0c83d7835cb85e1da7569c6ac6aad7bad0d31f99d553e4e47f23f403539f45d2b581a2ea72012ace23dac49c3e005cfaf504633f2906bcc3e39fed1de0df83d1ffc227a6c7fdbde2591585be970397215fe512dc38388d72780483d3a75af9dbe1afc00f891f1bfe1f6a3e33f8b7e22bd6d63525592da58c2c38f942212aa07f08e71839f7af3bf04e95e23fd9db4ad63c0faff0083edb57fed557b7b8d464469daea37e81d89dde9c06183c8abc265d83551aa93bdba77f998d6ab88945726ff0091f3178a3e2478cbc7772de24f156a315c79d6e2658ada311c281b236105439646050927923824106beb9f84bf1e34c6f0cc1e0ff1b4908682ce3b5b882e08559a3032aca4e32403f30cee5619e98af98b5df0286d662b49ed174d8e591365ba9dbb618c6edb8c92031c77cff3ac692d750d57509ef2ca4f24b39ca18c3212bc0c07ee3d6be8e8d5a506dd34b95f4319616752294dea8fb47c43f14fc0f67e03bcf86ff08ade0d2ad6f8bb5ccf1e769c8daedb8925d82f03b0e9d48078cf047c2fb8d6fed5aff8a1db4db08218dada261b64982e107cb9dc09db91ff00d6af1df87fa3ddebfe3db5d3b539495b3db3cde6ec632143f221057685c9c85e9ed5f527c6af0d7887c7563a6f887c03a847697ba5c7e5346e42c73c7bb383d830e707a7e1c572e269cabc9413b23a70f52142f15abea7ab783fe19df8f0e1f17fc3c9da69db01ac272b87039254f7e33c71d2b94d275c7f869ae5cb240f25aeaee45dd8c8b968a6d81648b61e594a8c85e495c95c8c85dcfd8eae3c65a9dfd978afc7dab47f63b3464b2b1574c12d952c59719fbc702bb7fda6bc35a65e6a63c65a7b24b0b9582f6340859d377eee5c011b078d8f0cbb9941c66b969e1a584a8eac1dfb975b151acd61e7b33134ef8c5f0abe1a787af22f02d943652df30696380319a69390ab8625b392400700124f735f0fcde2ad6bc3ff001535993c5a712ea170d7808e0324983f29ee17eee7dabe8fb2f87e2d426a1abdd5c5d48aa24884e4163e80b3c4ac41ff007fea2be6afda8edef6c134cd53649e64772c988d941085770dc8a086c63a8c63bf15d9471b1af5561a2ac9dce4ad828d0a52c4277773cf3c7de1ff0017e89a9c97ba3de7daec6e82b18a619d8cca37720839cfd6bc226f0d6a533957448e35ff0096464390a5b276acaaa08c9276ab1ea78af63d23c6da76a1a60d35e524700211f99073d41c76e6b734a9e2690c777768d1740190b3e3a631d3f5af7e9e23955a67853a1ccef13dc3e03eb9aafc01d2d35e8bc393ded86b5fba948fb3b41731c84ab24691be0aa8ce5554ed1924577dfb45fecc9f0eedbc212fc56f84f1bd8ca908ba9b4c99b7a6c650cc232492aca0f00e4555f0f7c41f0bf83bc25a30d35e112b497279c3c9002c80b6cc8da5ce4f6ce2b82f1c7c78b9d4ed6ef4f88f9cf32794a8a720871b4f03eb8ae3c6d497b65ec576bfcd266b8385e9b751f75f73b1c17ece7aedcdfdacbaaceec2db4c866b800f070c872a0fbe4e3d09fcfcf535cd4740bf1e26d3a2b79e207662e103927afc9fc4a7fda5208af5ef849a35a5a7c21f102daa991a18115ca9c17cbfce47b6001ef8ae3f46f0a690f74352f1a5add08df3f65b3b64c2b118da1e63f2461b91cfcc3ef118ebc95271e69b71ba3cdcca9ce552118abd9172c7c77e22f88b791f86f47d22e65b9ba60aca672f080dc167f303055e992c3d3bd66f85b4aff8531fb5a7c36d45a685e45d4ac7ed0f6f22c917ef2e4c4ea8c0e4811b80490bce78c735f49699f126c74956f0ef872dd746692d4f9d0da46044515786924550d265410198fcc413822be01f8afaeeba75cd07c5ba95d3cd74a4dc47b82298c248b22280830319e33c8e9c572651527f58b421c905d1b6dbdffc8ca9d195db91ffd5fcff00fd9ee18b49f17ebfe19bf3b2e23611853dda077571f515ea7f10b4f8e1f8a9e07b6551f325f7eb9354b51d3acbc0dfb69f8f7c2f7d1e37eada82c071f77cc9fcd43f428dfad755f106de56f8afe029b692a4dea671c7ddf5af2546d37e8cf4dbbc17aa3a6d621bad27479ee2d4e0ae093e983907f03835f4dfec85aa36b1e12f11e877cf8920b90e707f85864b1f6c938edd6bca75ad0e4bed1aeace3505a485b01ba676f4358dfb1d78b64d3fe235cf87e60047a8dbb8547390193f849f43f28f715f2b9ed24df3f91f4f954af879c3aa7ff07f43d57c6f67a4f8e4cba46be6491ed64448dd1794273929dd801c364f6181d6b7746f839e00d1f4f8b5af135ecd7b6b6af1b2dbb0cf98e4feee355c0dcccc40000cf618e4d707f166697c2be2658ed7708a3117cb263f74c4ff001b7dd62b80327b61baf35dff0084bc596b7da741a9dd449713db91204703313edc075c1c743d7a8cf1c57c752c454a2945bf74fa5ad865382a94f767aaea9e32f15c16c9a7daefb1723105869d14724ca9dbcdba983c4a7d4471f073866c66b16fd75bd434969aee5b8590824c1a8ca9710301d40708ae871d0a9233d548ae8f4ef14dac30c772e8a9bbe6c12d9047232704723afa71c7a70be34f15ade69f246a7c95dbfbc0fd1063008e41cb0cf638f4078aa96374b45238e1836ddac7e7a7c6ed6c7877c78da85a447cb8723afcc549dac476524647e3d38ab9f0fbfb0ef6fadb585092c736dfbe720331fba475183d8f5efe95c37c65b87f3e59db66ddcdb50e77a82c48ce7ae06307bfe75e03e02d53c45a0f8a1fc41a5b9f22dd7cd68dfee3b6731861ea7a9239c71c57d9e594955c3a6ddac79f8f9ca8d5e48abdcf74f8d7e26f11780e192ebc36a62bed4663199f030a8a7a0edd7f015cd7c24d57e33eb7e25b06f144f2eab64aecd3d84f32db2cc801e3ce3f283d0a83c1e9835d4f877e2c5c6a51083c49a7c770dbc385910c8bbf18dc3804123af6af64d37e24e8912ffc4c7498a161c0db0a9503fe03861f9d7ad19f243d9a8a7e6796d45cf9ea37e863f8efc21f19a2d2b4fd67e19d849e13863474922b5bb4bb371331255c8002c4a14633c0249c9e95c4fc07f899f1a8f8e2ebe1bfc4c927bf4d4226189f0ef191d09c76ce08cf4ec6be97d23e3c68da322ff6669914f2f18061ce7fefb2d4ff00127c6ff196a1612ea9a3f852dad6e1e3643711c488e1186090c385e38c819f7aca552f1709456a53f67cc9c1bd3f1fc4f50d5fe20c56fe01b1565537fe5489e631c05087183d377a8c9e33debf32fe367c4e87c59a845e1495ccb1dac8ccd22b7025c63a1f4e9c631cf5ce2bd6efbc2bf107c71a50d4fc62f0e91a6ba168ad04845ddc8ec228516499f7740db02f3d6bdf7e18f803e1dc76b18b9d1a28e655cc824883ca0f4da37e4311fc59c7d3bd6186a34b0f2f6ed5d862ab4ea47d82765fd687e655bb489329598ee07ef124e3d79ea7f1adc835bbf8c17f35c93d4f038c74afd3ef127c22f006aeceda9f86e0597cd04f90be548723ef008e30481b883e9ee2bccb5bfd94744bb48aefc1f76612c4811c9fbc40ca705700075c743c3107a8e2bbbeb74e7b9c1ec6503e1a96f758d658ab31488a9271d4a838c7d09e338f602bd2fc0de13d4f5393fd2039461f31527386c0193dfaf1db038e6ba6f107c09f8bda4ab4567a48990b14dd03a16201e0852c19875c6067dabd6bc09a6788f4c8069ba8697736cecbf3b326c7047ddc2e413b719e28ab34a3ee58ba7f16a7d01e00f8789e1df0fcfa24c5adfedf6cd1b6177847003723ba900363d09e6be5fb7f1dff006099b47bb8bec8610f13cc9f34edb09c471a853e5a13f7988183dbbd7dcb35b78966d2d755cedc2a613215f7273b4371b723383d3d57ef63f30bf68b86e743f8a1a8797bbc9b9c5ca6400bf30e70a3a90460eec853ea79ae3c353f6b2719155ea727bc8d7f885f10ec6ce65fec49d56d3f7770005c4866913e6df96259c671972d81dc57cf3e20b89fc53ae69ba3432472bc922c11c710c8432b850bbc70c493ce381ea7ad5a3125f5bc623802c8d8792594798e5f1d13d07723fc2bd07f67af0e278abf69af00f86e142c936b562cd9c125239c48e481c7dd43c73c77af470d4230b2ebb1e43c473499ffd6f30fdbbf43b6f859ff0005008bc5d7ea22d3fc416f6978ce4703746d69237d434618fd6bafb1f1af8135186285353b691227f3515d97e57236ee1b864123838eb5ef5ff058ff0086126a5e03f0b7c60b08f2fa3ddc9a75d30ea21bb01e327d9648f1f57afc3fb5875e6b28f518ad19e2946e564279fd3d6bcfad4939bbbb1df4aab5156573f60ac354f0f5ec9886ea17dc31f2c8a7dbd6be13f87de33b3f873f1585dea4c6ddedee19ada4624238dd8689cff092060376f4c138f9de2d7758b4525adee5703b1cd7bd2f87ec7c61e26d3ed3521b20bd942e5f07ef47853ec4924e0d7899b528422bda3ba77fd0fa1c9aa4aa39a8ab3d3f53ea1f8abf10742b8d60f896c6ecdb798d0985641fbc470188e3763001c8c0646038cf19e7ad7595b08d6faf2389208d8be52542d193f360aba2e38eaacc08cf201af947e23697e25f08ddbf866eb7bdae9d704c449dcd1491b11989981207b1e0fae6b91d2bc532bc715bc167fda1711e562375f345191c92b082559c9f9999b393e95f3f4f26a32a7cc9dffaf91f40b31ab16a1cbd0fd078be3769d25ab6a4ad27d9e3002bcc122b662bdc480b6f208e428627bf7af2cd47e38d8788246b6297b776d821258209151893938641b98678cefc7fb23a57865bfc3fd7fc763ed7e2cba96498a82898276aff000e231f747a0acebdf85de2ab05616975711c48de59915d880c0024719e467918e3deb1a182c053938df535ab5314d2928e857f1e6b57de5dccfaf46f0e9c5b74227056698f640adf395cf563ee3273c66e8da2dddae95676b2465ae2f98dd5c0007ca1b840dc701474cf73f8573377e119351d574fd37529e598c8ca5e4662cc4124f19e07cb8e6bebaf855a5e9d2ea97bac5dd836a32b0f26cad133d14614f60368eec79c6319af72b54861e972c3fafeba9e661e13af51d49ff5fd743a5f839f06d3c43a64fe21b8b20d046db1198f3bb38c81d7d4723e95c1f8a3c41f0e74bd726d334149b5596db7f9a6221621e59c30466c97c13d40c77ce2be90b5f8a379e14f0bdef8412c668e757923fb2b218e60d2a7208c646d1ceec7033db15f9d7a97837c71e0854d6a196c6ea3936ee8a2b989dc17c1dae9b8e4e4639e33ce2b6c3c9382527693e870e261295594d26e2baa3ea16f1c68fa068d78d6de1db99356816458d83c72409282aa19c9d87682ea7a1cf02bd5f42f0cea569f0366f14c1adcbaaea570d1dc6a3021862fb18196743e70dcb86c29621b27eeae302be65f0a7c6bbbf0ba9b7f883653c33e015371bb2ecb1189d5430f28195085de0129b46057a9597c50f0a489fdafa5c82de78f3b423290ebb7779680801fe56df3170a1995b924d60ebcd693869dd0de1a2f584b5ec61c1f1bb46f0a5bcf06b5abcda68981df67e1f42f70f9ef73a8ca199d8f7016403b11d0627863e2e6870eb2babf87a2ba8acd7ee2dc48677c0e58b90106e3ee091d857d06e9f0bbe314ba56ab7f05bdacb7313a4f1c6005dc8e43b7cbfc248dcb8e9bba9eff0003fc70f865acfc25f104b75a5b30b5f35b630c952a7b1f51e8dfcab4c362e955aaf0b2d25f98abe0a74e8ac54755d7c8fbad3e3a693736cafbb6432bab1c8f9c024fcc01f6048f6edcd7b2f84bc75a4ebb797113bc7198879d1b8e99daae8e0b73b82ee56f5da077afc7af0ef8fe3ba9561d53f7586520f556cf0739fa0fe55ee1e1ef11ea4d7763f6594a451218dd94fde52bb074eb9ebf5e7b57554c1f29c10c4a91faa935fe9b71896408219ae4dbdc264ec2c4060cb8e54fcb8e011cfa819d6b94d26de086c67b74b8594b46a5803971c2156e70cdf74f209eb9c633f9f9a4fc55d52efc3efa7a7ee9a4733ee39389029c67d46e0c71f4af428be2f6d369a2ccedcbc4e31d1a3957e5073ce554ed523d07a572ca9c9686d169ea8fa3f58834c4f0e4a34fb891446b802462c54fded8d8c654e32a40ca9fc8fc31fb4068fa45ee9fa778b2ec95ba8d1a1645e8ee3ee939e30073df2318e95e917ff10e49b49bab8127997722a162b9c4cac72b2103a31c80c3b3ee35e6bf17eeb4fbaf0be8d77719c46924ac87a966c6cfcd6b4c141fb55738f36928e1a4d1f30d858b6a37690c4a5df00c8d8fb8a78e3d324e2bebcff826af83078cbf6d1b3d5e38f7db786eceeef58f60c2316c9ff8fcb91f4af9baf6edfc31a13f938598017172deadd522fa0e33ef5fad1ff0470f8632e9fe07f157c63d423c49ac5da69d6cc7a98ad4179587b349263ea95ebe1695eaf3ad8f9fc349b8ca6fd0ffd7fd97fda13e13597c72f82de22f8597b853abd9bc703b748ee17e781ffe0322a9fa0afe70ff0065164bcfed8f847e2eb710ea7a3cf2388e4003a80de5cd1f20f31c833ff02afea86bf9e3ff00828a7c2dd63f671fda474cfda6bc13091a5f892426ed547c8b7aabb678dbb62e22f9c67ab873dab8b1b4b9e0d9d983abc93b1e8fa27c36f04788edfcdfb1a23072ac924455800700f200e7d074af84fc4330d3be279b38f107d96f64830000bb22628b807382a0715fa2ff000bb5df11f8b34bb4f105d5bc4da7dec2b3c12c72076657195c0518fae704118eb5f297ed0ff003c5369e36b8f883e18b29eeecaea6fb5482146731b103cc5655c91939656c6de704822be627175a8fbc9df5dd2bfe1747d4e0eac68d67aab3b6cf4fc4cff8e5a7af89f597bd1188e0620dc32baa80c30c479855f6ee20e32a724e7b1ae2fc07f08752bc48458282fcb05620162465f673b3af07e604f038e95e9be17f895e03bbb6b4b8f12c528d46d13cb648573bc8180472093ea083cf615ea3aefed1f2f84eeb4ad27c39e15ba86ef5c9041a71bc86457ba72cab88f2003cbae496c0cf2457ccd08629c7eaf4e0fcf43e92bd7a54ad3d2fd2eec1e16f09e993f8b97c29344b1cf05ac9753344437cfbe345c16dd820139c13cfe55d57c4af09784b4dd20d95e5e3437b7b1cc6d7cd31e1e4893791b8444afa9ef8ce335c55ebfc5ff86fe26d43e207c49b4b18b51d46082282da1903ed8bce6f3376d21431dbf2856624f40c70a70fc53f16349f16e831dc78d3465b996d5b22289dd6441b44db8a82c54991218c0279dc464e76d7a5432b70e5e686dbed7ee78788cc6551b6a7f9d8f977c4de1cd2bc397967a9417bf6a78c7932154c46b218c0041655665390cad8c303b8706a9fc3ef8a167a044d6532ac7b490579c920fa9e467ebfa55ef89face9b24326930dbbb33e486798cb88e261020de6350542ae17683c0c924926be59bdd52e2c904f776a25271f30382432e7078e71dcd7b15303f58838cd7e46783cc7eaef4fd4faa3c51f136ebc6daa980efbf8bece52385e731727a8df904f1c6dc81fd798f075ef8374cbc822b4f075e43ac42e0959642cac7772dfbddc578e87701df9af9ead92f35d92e2f1462d4487c940368519f9738279031debd2b4cf11dde95acda5f5d5dcf3dba2e6057724460fde439fee9e31df83e951572ef6145c61aaedafe8cda199aaf59732b7dc7ec7f8507c36d4fc2ed6be35d36daf6dca3131dc22b81b80047391c60fe75f965e3bf0978174ff001c5ee9f27876efec3753e2ca7d1657f295093b4bc722baf1c679dbd718078f40d5fe3469eda04da406f3d2785a368c73bc32ed23f104d786786fc63ace89a24f147e22d4eda0c6d5d36dd48dc73bb0f3370ab9ea429635e2e4d85c4d28c9bf92d7efd3fcaddd9dd9854a0e6aeef7f4fd7fe1fc8fd07f04f843e1a7863c170e936882492d97f7d3ce3f785f9270a78551e98ebf857cb7fb465ed96a1a3dc698cf958d37200d919ced181c91c83f9022bc1ed3e2f6b13fda2deeee2556b87df206f9ceef66ebc8e0faf7ae535cf184de21b83a548ae30d8767fbc4af41ec33cd7660b28af0c57d62acaef7231b99d0faaba34d5ba23925f0adc5d5aab40b9cf4f6c73fad59d3353f1178698476c4b463808c7b7a7d3b57b8688965159289b68006d1d39e3b7d6a4bab4d0ee668d6e82b2173b8a83c0c127b7e1f8d7d47b6e8d1f1fecbaa6737a47c4dd3f50b39b4abd536ed213233f42074e0fa8c9cfa9c1af40b2d56d2ea48ae5670cd2807238d8a176443f1cfe3d6bcab5af08693e689d30914accaad918c83d8e7838ea3af7e7ad63c7e0ed56d14436b33aa49f37190b9507bfa85248fad6728425b686919ce3b9f4568f7569a54086f65322c31962073c024a827fda63b87d7d057995ff8cbfe128d624176716d1ca64b78c72088feea7e3815bda7683fd9fe127bbbddd33c53ecdc4e5fe65e73f43fe79af1391a3d3ae6e20ddb421f32363c118e7f95650826ddb73c9cd6b49b54fa127882dbc53ac6ab6fa32879eff56994476a9924bc8c1635c7ab31000afebf3f678f84b65f033e0af873e1659ed2da4d9a24eebd24b87f9e77ff00814acc47b57e107fc12f7e03defc62f8e171f1dbc57119349f09b0680b8f965d45d71101ebe426643e8c52bfa46af630b06a3cccc9ae48a81fffd0fdfcaf1af8ff00f057c33fb417c27d5be1678a46d8b508b304e065adee13e68665f747c123b8caf426bd9052d0d5f4609db547f2dbf07be2cfc45fd987c5daafece5f10ecd45d69f78e90098b6d8e43ce23208dd14c089233eff00ed62befaf057ed1b0ea97f0e8d77a548f793b08e2fb3b05064ec1bcd2a147ab678009c57b37fc144bf6307fda07c26bf133e1c40078d34188ec44f95afed972c6027fe7aa1cb427d72bfc408fcf8fd8cbe25f82fc5b2bf86bc616ecbe33d3d5d15ee4e4c91a1c33471bfca92c78c48bb77719e9903e731d84ad0acaad29da3d51e9519fb4563f50c457b6d31b8b7d261799a58d43abc609561991f71507e43918eadd457c8de3fd2adbc49fb717839b546dcba259092043c8dcf1dcca5febb913f2ae93e347ed1b07c06b2d0175cb09757fb734a0de4802ec68c00788d701995cfdd1d01e0f35e27a1fc5cf097c43fdaafc21e33f0db964bdb2fb3488dd525097298ddd0fdf5c1ebea01e2a7dabefdbf33d08507672b6967f91f7cebbf0fbc39e38bf87c4cb7f730c8b0f90af6ad1ec640ecdc878dc64313c8c7a76af8ff00e3d58ea3f0f3e23f807c0be15be37afe2ed44dadd0bc8a3768a046881913cb58f91b98fcd91f2d7d4d6bf0bf4fd37c54de27d3755bfb392ee669a4b64923f2a5627738c3296c1ea403dfb57c2df1b7c773783ff6ecf0d6bde2f8c4ba458dbc31da83f7608eed2489e6e3ab24cecc4fa2fb0a5c919b72ab05732c3caa7c316f6678d7ed6fa243f0efc691783ec7ecfa8992389c4934221db24a7200dacc38041ce2be13d6ec6f6156d375288c17304f224b1f64200000ef8c01826bf6f3f6c5f859e1dd6fc2327c4ebe68e3bcd0a323cb704a5ca39d8626ee0904856edf857e40eb775ff099eab6d15b2169976c4b3dc712f9631849ca82b2ece8b20c315e18135a5e108fb9a1d386e79caf2d4ed3c1fe02f27c2b009979906efcff00fad583ad7c38d44b2f909852431520907f2239f7ff00eb57db9e07f0a431b5b596a646c850062e3ef10bbb6e074ce39f4e9c57bae91f082c356862dea4460672475c8e0fd0f51f5a52ad65a90f49368fcc8f0c7c27d7350982a4454920111ae0fbf3c9e9ef5f5068bfb305c5bd92c97e8b82b9c638e0f71f5183f515d2fc57d3a6f86be3d874e8ae8e9f04c8b73637ac85e28ce36cd14c106fd9b8062c0315ce78eb57fc6ff15b5d5f0945a678b6defacc5d7cb0ea5a1dc5bded8cec54f0dbbf7c9904e54bab62b3737b206efa9f1cf88be14e97e12f1c4f6574be5046ddb64eaa7ae3dc0edf9578878bbc377f77e2e53e1981a78e7424796a4ecc120866c63e86bf417c05e17d2f5bb76975858da6900da48121e08c3724919c701b38f719ad6d0f47b61ae9d2258e386dcb3a2b44a5060103231b7860dc02b9c60e30457351a92a751cdbb9dd88ab1ab4952e5b799f33780be0aead3edbbf14b9d88011120c819f572a71c9e8bcd7d67e13f86fa06831b7d92de342814838c80ce700b615738f418c9ebc0e7a1b6bed2b46b20b0aaf951a9700e3002b053bb1c70a4fe79ac9b9f1ed968915c0b39774e7cb9369f982b91d3238eaa1b8f5a552b4e6610a6a2735e2cf87da4db39d4e7b649219a508e85072bf2e5b8e32377181804578578d6d345d061b8b0b300448cab1107251949e573ced65dd8524edde40e381e93e3af8ba22b67d36c984d1221c01c6d7240033df2c01fa0af96357f115c6a05b52bb7f3621b18f1f787ccbd3d31b4fe39ad70f19cb726bce30571dafeba2d6de3f0fc4c3cc31891f3fde600f7f6c5799e91e09d73e2efc46d27e1afc3c80ddeadaac8b005fe10e492ccc7b246a0b3b7600fa554f1c6af61ab5ec57ba14af71797cd8683612e8e4855098e5b7701472735fd0e7fc13abf62d3fb3ef84cfc4cf88b6e3fe132d72100c6d826c2d9b0c201ff4d5f8329ec4041f7493ede1973439396ddcf9a7efd478997c8fb3bf67cf827e1afd9ebe12e93f0b3c2e03c7611e679f186b8b97f9a699bdddb381d970bd00af68a28af452b684377d59ffd1fdfca29052d0015f903fb7a7ec17aaf8b75593f68cfd9d236b4f165a38b9bdb2b63b1aed939f3e0c74b918f997a4a3fdbfbdfafd454ca2a4acca8c9c5dd1fcf5fc1bf8f7f0f7f69cf0bb7c17f8e164b078873b3631f205c4b1e4799016c18ae179dd1f7e70082545df0cfec4be22f017c4cd2bc57e0bd7c3699677b0dccb15d42de7848dc3151e5928ec40dbbbe4ebc8afb53f6cff00f8277785be3f493fc49f85ef1681e355fde338ca5bdf32f23cedbca4bc7cb328cff781e08fccbf09fed39f16fe06789dbe11fed47657f6d7766422ddc9933aa74567c1db7119ed2c64923fbd5e4d7c2b86a95d1ead0c536ac9d8fd849b52b5b628ae8d1173850d805bd4282793f4af917f6a2f81779f1a174ed6fc233c36babd82b5b37dab22392de439e594310d1b12cbc739238e2b06c750f0ef8c35383e20697ab4ba8dbb94922093092df7201b48182548c648c839ea2bd2e6f88134499965c772c4703df9ae35272baa8b43751f66e32a52d4f9b7f6c5f89374f616df0e622cf1d9c51bdc484e3ce940da3807803058e7939c630727f3c3c316c6cfc4b6b79709be35943107804e7be3a0f7efed5e97f12fc6777e2df888f7972de7c73cf91b8e3232553d3000f9b9fcbad77da9781acafbc2c9ac683f2c90e5d546490a7a727938e064f5c1f435e7e2b13c95123e8f05854a89f5c7874e9b33091a3cff0006477f941723db1d0f7cd7d53e09d461bcb2092c837caa30a7b046c2e3e99c7d00afcf1f861e24babad1dee491e6228de09e8510ed51f8a127e82bea6f0d78a85bba6e398a37c83d32bb428fe59fc6ba9ababa3c2a9169b8b3d0be367c2dd37e21e87141bbcab8873347321c3c4e38dca4723927383ed5f8b3f11745f19f84fc4efa7788d238994ffad8c1804d839532052232c3fbd804f7afdb3975b96eadbcf762a255103a9fe10eabf30fa93fad7c8bfb41f85f46d6b47864b820caaaadb8f242f01c1f6e09fad694a5caf533e5be87c37e17f8a175a3ab19d1518617cd5c93b7d148e0927d07d4fac90fc66f10dc7889ae6f9c25babb49bbb9441838c7af007a9f6af04d5acf58d3753b8b3d1cba0899970a320609c950738a89757f14c5b93c95da5796d993b47ae7ae393cf7e4e4d6bc94db7635f6752c9b3e8ad43e26ebb2e8cb1c1b5167320c37fcf3903927fe021b3ff7cd72efe32d656d098ce542aa8193f7800073d7b0ff0022bc2aefc57aff00db3ecbbd7e60170157e6e7233debb4d37c5da1787409bc46cda85e2f48621fbb427a92dddbb71d3a0aa787b4534ae79f53308c64e1add16f51d49d6368ef252fc93222f39dabb79ebeff00871deb8f7f1cea5f68fb3e93119269888a34d859b737002a8e4b740077af4ed0357f881f19f5a83e1afc19f0fb5c6a37bf285b740d22a7762dc2c483f8a46200f515fbb7fb16ff00c13abc27fb3e7d9fe227c4b6875df19637c6c06eb6b024748030f9e5f5998023f802f24f461a84aa2f7e36396b5573d6a6ddbfccf26ff827d7fc13e65f87b3dafc79f8ef6bbbc44ffbed374c94022c777226987437073f2aff00cb2ff7feefec775a43e94018af563151564734a4e4eec5a28a2a893fffd2fdfb1d2969074a5a0028a28a002bc6be357c01f84ffb417864f85be29e9316a112e4c138f92e2dd8ff0014332fce87d70707a30238af65a286afb8276d8fe77fe2cffc1397f68ffd9e352b8f187ecd1aa4de23d2492ef66bb52f428fe1780feeae31d329873d9057cefa17ed491da5d4be18f8bba45c693a8c198e57447051ba7ef20931221fa6efa57f5519af1cf8b1fb3f7c18f8e363f61f8a7e1db3d5ca8da93489b6e23ff7274db227e0c2b96a61632d8e98625adcfe49354f11d9dfeb897d6b32c91ab33315ee09c74383caf1cf6afb3be1a78ba0b9d1d34cb8752b311927ef023d7db92076ebef5f67fc50ff008238f80753792fbe0ff8a2ef467392b6ba8a0bb841f412298e451f5de6be34f11ffc139ff6e1f86f23b78562b4d7ade3ce1ac6ee3248ff00ae774226fc066bc6c66532a8d4a3d0fa0c2e7708c5c2a2dce4e3d49bc21e257b7538b7b8ca9f66c15e47d4feb5ef5e13f1a5b585b2457920746936f5e83271f98c57c6fe2ff861fb5f695bff00e130f01eae181dc654d3e67191d4ef84321af373f14bc6fe1995ad35cd21e170a5592e1658587be186411453c2ce10e4919623154eacb9e27eb27fc2c448ad5a190e7c88999b1d5990ed41f88507eb5e01f15fc6be6592dbc4712b05c03cfc8c79fc48c7e75f1dd9fc76f1feb53a45a2e8cd73274db109652dc63908b9f7ae9e1f86dfb5d7c45bb171a3f80f5893728553fd9f3c68075fbf2855fccd57d5a6fe14650af4e2ef23aff0f787b4fbc924d4e44dc0129bbfbd8201fcf38fc6b98f1d49e14d2ad8c2f2c71203fc647985b6e3207dec0391c704119e457bbf83bfe09e7fb74f8de08ed3595b7f0d593607fa65e22103de3b51239fc715f627c31ff82397816c264d4be32f8aaef5997ef3db69c82d6227d1a57324ac3dc6c3594328a929734a564764f3ca708b518dd9f8457515c789bc56b69e15b59af2e2e582c30411b3c8edd3091a82c73e8057e99fecf1ff0004abf8c3f132787c47f1b253e11d1df0c6db0afa8cabe823e520cfac84b0fee57ef47c26fd9f3e0bfc0db0fb0fc2cf0ed9e905861e68d375c49ff5d277dd237e2c457b2d7bb4f0ca29293bd8f9ba9594a6ea456acf19f829fb3ffc26fd9f3c323c2ff0b3498b4f89b0679cfcf7170c3f8a699be773e809c0e8a00e2bd9a8a2ba52b18377dc28a28a0028a28a00ffd9', '3abd9f81828375a2b814f894964df9832090952e00b20225dc446993114bb6fb', 17305, 192, 192, TIMESTAMPTZ '2026-01-05 12:00:00+00', NULL),
  -- Clara Vogt (avatar5.jpg)
  ('a0000000-0000-0000-0000-00000000000d', 'image/jpeg', '\xffd8ffe000104a46494600010100004800480000ffe1004c4578696600004d4d002a00000008000187690004000000010000001a000000000003a00100030000000100010000a002000400000001000000c0a003000400000001000000c000000000ffed003850686f746f73686f7020332e30003842494d04040000000000003842494d0425000000000010d41d8cd98f00b204e9800998ecf8427effc000110800c000c003012200021101031101ffc4001f0000010501010101010100000000000000000102030405060708090a0bffc400b5100002010303020403050504040000017d01020300041105122131410613516107227114328191a1082342b1c11552d1f02433627282090a161718191a25262728292a3435363738393a434445464748494a535455565758595a636465666768696a737475767778797a838485868788898a92939495969798999aa2a3a4a5a6a7a8a9aab2b3b4b5b6b7b8b9bac2c3c4c5c6c7c8c9cad2d3d4d5d6d7d8d9dae1e2e3e4e5e6e7e8e9eaf1f2f3f4f5f6f7f8f9faffc4001f0100030101010101010101010000000000000102030405060708090a0bffc400b51100020102040403040705040400010277000102031104052131061241510761711322328108144291a1b1c109233352f0156272d10a162434e125f11718191a262728292a35363738393a434445464748494a535455565758595a636465666768696a737475767778797a82838485868788898a92939495969798999aa2a3a4a5a6a7a8a9aab2b3b4b5b6b7b8b9bac2c3c4c5c6c7c8c9cad2d3d4d5d6d7d8d9dae2e3e4e5e6e7e8e9eaf2f3f4f5f6f7f8f9faffdb0043000202020202020402020406040404060806060606080a08080808080a0c0a0a0a0a0a0a0c0c0c0c0c0c0c0c0e0e0e0e0e0e101010101012121212121212121212ffdb00430103030305040508040408130d0b0d1313131313131313131313131313131313131313131313131313131313131313131313131313131313131313131313131313ffdd0004000cffda000c03010002110311003f00fde5d694369f203e95f157c44b457d5978ef5f6beb047d864fa57c7de3c8f76b09f5aceaabc413b48e7f46d33952077af40164cb11fa553d12d5495e3bd77d259e23391dab97d99aa99f137c5db4215b8af87757876df366bf42fe315a055638afcf3f1a6a9a7e8d745aedbe790e238d41691cfa2a8e49fe5debc5ab1b54691edd095e9a6795f8b2fef20e2d9b06bce4f8b756b270934fb49e8a3927e80735b5ae5c6aba96a2b6f760d944e7ee020ca47fb47a2fd064fbd7a9689e09d0e1d25e7b488072bcb1e58fd49e4d5bab1a7a486a939ea8f38d3bc57e2ebb216c90807f8a66da3fef9193fcabd0f4bb1f1aea18375ab3c20ff0dbc6abff008f3ef3fa0ae0a090d9ea06df180188afa03c196775aa1d96cb908bb9d8f0a8beac7b0a3db5d5d12e9d9d9956d3c10d74bfe9f7d7f719ebbeea503f24651fa56b43f073c137277dd69b1ccc7bc85dcfe6cc693c45e355d21934ff000f5b35ccafd269010a79c7c8bc13cf7355752d7b59f0f7867fe131f165d38dc098ace2f9772827e677ebb7b6060b1ee073593c43e9734586bee7476df047c088dbe0d36385bfbd1b3a1fcd5856d8f847a78e2cafb50b523a797792903fe032171fa57c572fc7cf89fabddb7f6484b7857858a341c0f766cb1fa9af40d0fe3a7c46d1024de23b196483bb2a1381ebc01fcaadd49add7e24ba11e8cfa41fe1cf8cecceed2b5df3c0fe0beb7471ff007dc5e537e86aa4ade31d13fe43fa29b888759f4d904e3ea6270927fdf21aba0f047c5af0ef8c6d418240b20ea09e9f5ee3f1af419af15464f4a6aac5ee64e94933cdb41d5fc31e22668b48ba49268fefc2d94993fde89c075fc45756ba6428371e9597afe93e12f14b2c7ae5b24b2c67f772f29321f549548753f422b3eff47f1bf846c7ed5a5ce75fd3c0e60b82a97918ff00625e125c7a3856ff0068d3928f2b944949f3599eb9e1c588464475f31fc65f0b5b6b5a86d987f157b4fc32f15e91e258e46d365cc909db2c2e0a4b137a3a1c153fa1ec4d70bf11806d4bfe0550e4f90da304a763e68b2f85b622e8e00e99155b5cd06db40ba8d40e1857ae4f73f639d253d33835c77c488bccb08ef53f84d561e6e49dc75e0a2f433f4a6b7651815db597d9c11c0ae0bc2164f7c81b35bfacb4ba50dcbda94ebc53b0e387935747ffd0fdbdd7ee6ed6dc8e7a57cc1e2b9a597585593d6bea1bdb81749b4f2315f39f8cadd575742077ace6ee83666fe8099db5e872463c93f4ae1342e36815c4f887c43e23f89de21baf865f0c6e9acad6c5847ae6b71e09b62464da5a1390d76c0fcefcac0a7272e40128123e70f8efe369b54d6ee3c19e0244bcbfb63b6f2e5b26d6c8919db230fbf311c8854e7bb151d7e1f9bc376fa46af25c4f23ddde49c4973360bb7b003845f455c015fa53f127c1fe1df0468169e16f0adaada58db64246b92493cb3bb1cb3bb1e59d89663c935f01f8963d9acbfd6bc0c54ad51c51efe0d274ee7cb5e3279a0f14c4114907d057bbf83a579ac7cb70795c74ac3d79b46b4b88ef2f700afa8ae83c3ff10bc3d0c89696a37bbb055503924f0056338f3d9a378cf9534ce5ad3c05ac7893c582c6c217da5b2cc14f03d07b9e8057dc1a2f816c7c3be01b85b7854c8b2a99232d920a0f944acbc72d9f604015e85f0fbc2d1597840f886e116092e01657718d91af56e7bb1ce3db9af997e2378e3e20e8be24922f0cc656ce40418b69769bb9671fc20f61dbafa8a9e4e55cac39b9e5cc8e4fc1fe35f0cdff008c6fb42d7ecd6286dd72243c365982ede7a75fc7b571dfb5578cf48bef1169de0cd29552da72819c70362ec551d38191ce2b82f114ab7baaff006dc686d2ee4531cb09276b2939054e382a402013ec38e2b83d53c25e2df154f1cef1bdc35bb068df192077fc0e33f5aa8b8a699afb3934ec7d49a0e81e0bd3197c37e0f960496d62592ff5190295809fe15cf1bf8c939e3d71cd7985efc60f04c3acc9a5f8585ceb0f11c34d2348dbbdc2295500f6cf38ed5e0baa7843e22e89a55fd8c6d2a0bedc64ebf30618fe55c3681e36f11fc34b1fb24163b827dd52bf2827ab3639763fed1207a51ec6352eef763bca9d935647da9a3dff0082fc6176be444749d507dd9a305413e8cad90df81cd7a2586bd79a2caba3788b0bd0071f7704e030cff09efe87dba7cbdf0c3e3ef873c71a9c7e1ef1a69f6d04d21c46e15236cfb15da41afad3c41a0ff6968df61626608a5ade53f7b18f9a37f7c679fe203d6b92a45d39724d1ac5a9ae788d9fc2be27b8d6a29ecf0d033024e7b57b65fe8ba9be8e2051862bfd2bc0be11fc46bdb0baff00843f586f3767fc7bc8dd4aff0074fd3fa57d272eaf7cc01540476aea8c62e1c870549494f999e6da27c255d5e25bbba964b1d4edc1fb3df5b61668ff00d939e2443dd1c153ec79af29d7af353b7f10af863c762382f99b105cc5916f778ee99e524f58d8e7fba48afb4fc3b34b3dbe6450322bf3ebf6a2f115de9faa2e9fe4acd0ca7956f51c820f5041e411c835d318a505030e76e6e476fa9f8412f60f925c1041a8359f01c5a96866d1e5e481f9d7cd1e16f8b3e238923d2f5672ec7e58a56eade8ac7fbdefdfeb5ea16de35d767c2eeeb4a14fd9dec5ca7cfb9d8f85fc03fd92815a626aeeb9e058f51c8329ac4b5d5f5c9f9df5bd03eb328e643584a946f73655a495933fffd1fdb9fb2b449cfa578578ce3cea8a47ad7bfdcdf5b48b84606be5df8d1e2fb3f04e912f88658cdcca1961b6b64fbf71732b6c8614f777207b0c93c0ac97c2392f78e4fc53e20f106b3addbfc22f87b39b6d5afe3f3af6fd406fecdb127699b9e3cf948296ea7f8b2e7e54e7ea3f05783fc3de03f0c5a784fc2b6e2dac6cd36a2e496249cb3bb1e5ddd896763cb3124d7877c1af03dc78334a926d7655bbd77559bed9aa5d0e925c30c6c4f48a15c4712f6519ea4d7d356c32bf8538c7a89be87ca1f1c61c94ff0078ff002afcddf17c4535a7fad7e99fc6e8c1d87fdaafcdbf1d26dd69ebe7b1abf7acf7b00ff767ca5f113565172967fde6c57b5fecc3f082f3c61e3e86eaf6261696abe6bb11fc4701547b9ce73dbaf5af0cf16582dd788e39a5e5227071fde7270abf89e4fb03debf63ff00668f071f0d7c3d3ad6a4989ef09da48e481c13f9e718fa0ed4e2f55135aca2a3cdd4f41d7b4a86f8c1a2d9002de2da1517a3328e38eeab8e07af27a0af96fe3a797e1bd3e6d174009fda12217b998f3e5a1e8a3dc9e83ea6bea3f12f886dbc11a6ddf88eff00fd72a128add7d00f41cf5ffeb1afcead3b59d4be2d78e9b4b590b42d2f9d7520e87d147f9e95cd8baaa2add4db0149ce577b229fc27f82275b946afaf969de43b8b3124d7d689e0bd2f47b7115b5baae3d866bd47c37e1eb1d12c92de040aaa302b4f568addadc9d9c8e6b95527257933d575927648f9a35df0de97791325c42a7f0c57cf3e29f86fa14eac9f675ce78e067f957d6dad2a8662057916b3183963ef5caef17a1e85369ad51f9bff12fe0e69aa5af74e4f2664e5597839fff005d7d95fb37f88f51f1bfc3e4d275a3bf52d326fb1bc87f8c11ba173ee08c1f61ef5caf8d6c96685c019ab1fb27a1d3fc45abd81fbb2cd0381feeb73fcff5aea559d4a6e13e9b1c38bc2c612f6b0ebb9e63e2f69bc35f10e4b55cc4ce56ead0f4e1865a33ee0838fa57dc5e04f1359f89fc350ea88406236c8bfdd71d7f035f30fed45e17fb4f89ae1acbe59ad25692323d18f9807d3e623e82b95f851f1027d395c12409141950f4cf4cfb1f7e87a1f5ada955e5d4f2ab51e75a1fa61e1c68a6b62d157c11fb44e9f05d78aa14987735f68fc29bff00ed5d20dd29dca735f207ed0cb8f17c1f535d951de9a68e2c3c6d57959f33dd7872c64945bcb828eb823bfd41ec7d0d6a78575365bc7d0f516dd3c3cc721ff96b18e33fef0e8c3f1ef58ba87f697f6d08add8052b919ac591677ba3e4becb989bcc89cf671d8ffb2c383ed514652da4f436aea3bc11f5169463c0aee2d1e1005780e83e257bfd392f2252a795753d51d78653f435a4de2cbc84f19a99d549d9931c34e5aa3fffd2fd26d3f5fd7e2e2e94d786bea771f113e2c4bae5d02fa4f83dcdbdb83cac9a9c89fbe93dfecf1308d7d1ddfb8afa4fe2b6b16bf0f3c05a9f8b62844d716d162da1ef2dcca4476f18f7795957f1ac1d07e17c3f0f7e1a69fe1691fcfbbb780bddcfde6bb94992e253fefcacc7e98ae1a7293474558a8b367c33e2086e6f3cacf208af76b29d5d411e95f16f87ee25b3d70a83d0d7d47a16a2648864f6ade8d5e65a984e16678f7c6b60c107fb55f9c1f10a30bad37d2bf43fe314de64918f7af827c61a70d43c4e206ce1b0000092cc4f0001fad7878dd6a33dac0e903ce3e1a7c1cd67e2578fad160422de2944aefd3b80307b617273d4718e4e47ebdf88f50d0bc09a0476d232c696c8238900c6028c70077f7ed5e65f0a744b0f863e12f33ca53a8ce80c9eb1fb31e9bbfd9180bd3ae4d7c9bf1f3e285f1d6c68d65279d76d92ff00c6225f523a13e83a776e3838d5c42a51e55bb37a54255e777b23cbbf690f8d17de23b94f09e89bb7c84799b79daadc283eacd9e07a1cf715e93fb2af83e2b4d165d71c6f69e4215bd429c67df9e95f1378d7515d04c57ce7fd3ae5b16f1392657964e3cd7cf3c649e7ff00ac3f543e15f860689e01b3d32de536de4c0819d47cc38e76e7f88faf6af32779c95fa9edc231a70691e97a9788bc2fa05c2d8eb5a85bdb4cc388e49155b1eb827350ea1aa68f776667b1b98a65f58dc30fd09af893e34f8ebe04686d3e85a940b3de39f9e47958c818f3cc8cc3e6ef8ce7db9af927c2fa9f82359d60daf82f58bbd36e98e546fdc393d074cfd39aed6ed1ba5a19c295e4937af63f4a3599c4921da78ae1f56b68fca352f81743f144fe1bf3f56b917c4648994755f7e3835e17f15be205d68d66fa7697288eecb6d05bb0ff001af3ed7763d28e859f15e9d0fd9d8b903ea6b84f8377b0e89e34d42ea3705520de082319f352be4fd5aea1d72e5eff00c67afcc23cf21376d23db3c11f415dd7c3f1e0ed3f56dfe0fbc790dc412464139dcdb4b2e47ae456f2a1c91bdff039e75dd44e16fc753ea7f8e97626f8811ae0117f6caf1fbc911652bff02515f32c308f0debe97302efb7660c07628dd47f4fc2bde7e2a31f16782f49f13dab6d9ad82e587552d8e7f061cfd6bc6619edf5cb396dee06c972720f1b24f51fec39fc9bd8d654e7dce570d158fd08f83b1bf86ef52c6393ccb0d4d37c3b8e76b6dc800fb8fcb1cf6ae27e2a785346d67c568fa8b60ae7be29dfb3b5dcfafd869b05c924e9cd307cfd02a83f816fcabcb7f697bad42d7c5318b595a3ebca9af6236749763c395d566ba9b5ff000aa3c212dcacf9c90b807354e4f82fe0e371f68e33f5af03d22fb5c97ef5d487f1aed6da3d5a5c6eb890fe342b74437cdd59b3abf83347f06f8a2d66b720e9fac1f22419e23bb5198dbe92a82a7fda51eb5bf2784f4963c815c9eabe16bfd77479ac3ce712300d1313f76543ba36fc180357fc3da95d6bfa25beaa72924ab8913fbb229daebf8302294a9c5abd8a55a51d2e7fffd3fd2cf88fff00156fc5df05fc3d5f9aded659fc437abd8a58811daa9f637332b8ff00ae75ed5e25b7f334f727fbb5e21f0e33affc70f1bf8a5fe64d396c34380fa79511bb9f1f57b9507fddafa0f5e4ce9cdfeed7361a3eeea6b887ef1f22d95bff00c54522fbd7d07a1465221f4af15b08bfe2a7901f5afa034ab7db08a8a51b5c537b1e01f1701de87d0d7c9ba7d8b5efc4db1662163470589383c1078efd39afb0fe2f5be22df8e86be54d0a0b7b7f1cc5aaea04240a429cf0580ea07f5c7b0ef5e3e2d7ef19ebe11feecfa8fc46e91e92896fc0d85c01d42af39fab1231edf5afcb3f8cde3bb2f85534a96f00bcf11ea04c936e20adaa7f0a01c8dca08cf5c124d7e99dddfcd72d35e49c90257000e00500a8fc057e34fc67d2ae356f16deebb7196f90f27fdd763fae2bc8a8d4ab2b9ed60e0fd9b3c9be172eaff10fe28e9bae6b8e657b99d5b924855278c66bfa07d0ac55f45d8a700f15f8bbfb2878164d4e0b7f1b594b916e7c8962272005272cbdf72b28cafa57ed9f83185c695196ee371adaa3bd5e5ec743a7c9493efa9f2178e7f66ef87097f79e27d2e2922d56ef06499bf7ad90e1c140d92843007298cf7cd7cd9a47ecfd7d63789616b6ecd18944825f2c2b8e7a02d9383dff009d7e9ff8c74d81e23728474e4579868f7f6b16a890cee1416c7a927b0ad67566bf7727a114a841fef631d4eafc33a3da785bc26f696d160084ee52771048e79afc9ef8c1a34bac7c44b9b4698c40f0a40dc06ec1e9919e2bf65b56c5ae892bc08645652ac40fbb9afc91f8a966fa6fc459af2e1be591d5b38f6ac66f92499d1868f3c657383d6fe0ae8579147a9295678c6763c6d824840c73ce776c1d738c9c6335e3567e00d47c11afb78aecb314714c2548c02b1e41ce00f4edf4afd1bf0b7d9ee74f566507e518eff9578a7c674436c5100c639c539e36a4bdd6f42a96594a2f9947524f0ceb1a6ddda4963f7b4cbf4f36dc1ecadc329f753f29f42335e4fe27d0effc37a88bb87e68f076be320afa30fa707fa8af00f871f152e742f17ea3e1dd48b4ba6c53fca07de8d8e0164f7cf0cbd187b815f619bc4d4ec0c96ae975030e4afcc07d47553fe7358e2684a8cb9ba339a8d553bc7b33b8fd9d7e27da68fe21fec8936c6b7b247ba3233939db98dff1ce0f5ec73d6efed34a57c55106f7af0bf0b21d07c636fa9e97101242e64019be50ca0b7231919c707919af55fda1f549efb52b0bf9d364934619947662326bb709579a9f2763cec6d1e5aaa6ba9e6fa082cc154649af42b69c40e23986335c2f802f512f87dae3247d2ba6f1d6ac8b329b089b8f415d08e3923d36c2ee1f2411ce4e07d6b9ef0dd81d3fc5dac7879c612629a8c23fd99f2b281f49509ff81573de13d564ba448e6041f30706bd6bc456aba778a3c33afa8c2dd7dab4e90faef413c79fa344d8fad14e7cdccbb153a7c8a2fb9fffd4fd24fd9c264bcf0f6b5af672755f116af73bbd552e9add3ff1c856be8ed6ca1d39b91f74d7c6ff00b2125f6a3f02fc37a83139ba865b96f769a79243fab57d51add9de269ed8feed73e1f6d0d3117b9e0b6080f89e4c7ad7d0da5a0f25457cefa3075f10b093ae6be8fd288310a29abdc891e27f17615168cec32057c1de2bbcba87588ee21709271b49fba88080491e9dfdb19afd03f8bf1674d7e33f4af8a7fe10fbff001278bad2c2dd19927223217a95fe227d140eb9fc0135e46363fbcb23d7c149726a7d2be12d1cea5e0e97529508dd1b75e323247e4571f5afccef8b1e10b9b3bdb98a64ca333c64faab46f8afd76f14b5af84bc18f6761b57ca8c44aa3b9eb81f402be59f1078774ff15e9f00bb40b717902ba02060b28dd8fa8e47d335e3e2e9a8cd726e8f5b015da4dcb667e47f803c7faefecefe10d67c53a4ff00a76dd4ada2934e7f9072b3b3cbbf048cf9689803049e7b57ecefc2af155f6adf0e2c75fd45a2fb44d19f38427722b64f00fb0c03ef5f96df173e1fdcf8722bd6b141e6ce8de644e8aea5908c12ac0a9e474238254d7d05fb00f8d9b5cf85dab7817579cc97da6dec937ce72cd15d7ce1be9bc38f6a753df83aab73aa32e59469b7a7f5d4fa37e247c448340b279aee4da0f0a3b927b5717f08f41f10788f523e31d7c3c299cdbc478207f7883dcd74df13bc091f889ad7518cf97342c406ebb4b295c81d320f22a5f0759fc60f0f5f9d23c47a8dbcba648abf64bb86d07991e3ef2dc2eec1207465c67b8ac30f07565af43d2a955469a8c3a9e81e2cf18f89bc3d1dc5c6a3771496ce85618a18995f91d1cee20e7d80afcccf899adebbad78a24b9bcb4f2e3da15430208f7afd05f13f87fc61ade9ed79a678834db968d518a48bb0ee6ce460e4ae3debe2bf8c56fe25d06795b5fd5ad2e9e2f940813739c2e40da06464f0335d53a13bddec2a152925caa4afe8ff00c8a7f0fbc669a6409a65f39da06149ec7d2b17e276b56f7914833c006b86f845a6f89bc557725e78cc41676cf911c3182582ff007dd89c7039c002b9cf8e1e22b3d3346d4af6d061240d05b8ee59fe507fafe15c8e9bf6aa9a3a7dba8d3737d0f983e1668edad789dafa51b96f6ebcd04ff70e5ebe9fb4b5d4b44bd8af6ce4745676e54fde00e0835e63f093473a5dc5aa4ab968adde6c0ecccbb507e000afaf934fb09ac6c74b186b828a8bcf61f33be3dcf4f5fcabbf175399bb1f3d8685926ce263be92ef53b191e3ccc5c61947cd9dc38e3ae7d0835eb3fb49acdff09bd942832a579dbd3a76a97c21e089e5f19c62d423cfa78f3d226e8cc9f3ecfa93800fa8af62f12eb5e10d4f50b6d5b55545675e4498ca9ee0fa60d678387b8fcc8c6d45ed23e4789f8574789a247c367e95e852786e19f0cea4fd457a269be2af02400089e11f422ba21e32f07b01878bf315bac1cbf98e678c8afb27cb975a7c9a6eb6b1a0c29956bd4fe26afd9fc09a66abd0d96ad63367d034a226ff00c76435dcdeea1e0ebe984ffba241cf6af3ef8ede24d15fe0deb16f64cbe6451c72a60ff1472a30fe55d187c3b85eecc2be2554b591ffd5fd01fd8f609ac3e01f85ece6521ada196d9bfde86796323f35afad358f9b4f6ff76bc63f66db7b75f05eb9e1d650afa3789758b6c7a2bdd3dca7fe3932e2bdb3554ff41607fbb58e1e36455795d9f3359263c4d27d6be81d2b8880af0bb58b1e24761eb5eeda611e528a29f5259e71f13ed26beb4fb3408599f80077ac7f01f842cfc28ad392b26a12ae1980cac2bdc0f73dff002faf49e3a96e8cd1c76809918e140f5af2ed6bc5f6fa7d97f6168f2f9923fcb34c873cff00750f727d7b7f3f231d55539b933d3c253738f2a38ff8a5e2637daadbd8e9c77416ae4100fdf63c37e5ebeb5e31f18fc493783349d2b53b560b3dbaa94fc4961c7a6c1cfb57af5868f05f37db65c189392dd8e39da3dbfcf7af9dbf68d075368e275c11b542fa640181f857cfca6d27525d59efd1845c9535d0e53e364ba7ea3a3697e348d01835384b3a775629b987d46dc7d6be26fd9eefb54f87dfb4c4b65672620bb8a642a0fcae84c6e33f9822beb3d5629bfe142594b7677a5a5ccee8c7fe79a799fcc1fd6be50f87b6b26a5f1b74dd622ce21b38d18fab796aa73f828aa854e553f43aa9d2e6e45d99fb13673c1ac908783dd4f6f7aef1edfecf65e4c837230c7e3dabc6079b1da47776adb2641c1fe87dabb1d13e20db5dc3f60d6008665e327eeb7b835950a8a2fb1ad5837f09e11f132cb589ef098809157fbf182703a0c81cfe35f2878e340d5b5094497cbb549fb8a36827debf407c6be28d314a451b282defd7f2af907e2978a2c346592ee49170aa4e49e3f1fa57454ab2bd948f469579b872bd0f9f67d53fb1a19213208d554876270028ebcf615f22f897c5bff0b1fc48ab6f9feccb06fdd9ff009e8e4eddd8f7ededf5ae33e2c7c56bdf175e4fa1e905a2b08db121e8d3303dfd14761dfbfa574fe08d27ecba6d85abafcf7444c7e85b6a0fd09aeda784f630f6b3f89fe078388c72af3f634fe15bf99f447c1fb09350bad46e6519310289edb40c7e02bb9f036a977a578c2e351d5b2c2d6d04a33dcf1fd78ad5fd9f7493078d5ec2ec0c4e8e429e8473918fc07f3af57f147c31dda75ddce980fda6281edd907f1aab0746fc40fc435705596b73485be164df05fc6d0c9e378f5fd54ec8e694873e8ad8c1fa06acdfda2ec16df5e59a11b6377278e9bb1cfe7d6bc77c3497a1fecf6cd8962259548c6e18c91f51cf1dfa577be3cbb7f13f8621658e4f3addb732039c2e31b973c95fe5d2ba30f5945a83ee72e270f77cebb1e7da2436f311935e9f61a045300cbfcebc1b47b990a968c93b7b118feb5ec7e19f12846f2663d057a519c64ec8f3674e515cccefecfc38831bbf9d737f15b418a3f875a9f97f7a4448c7d5e4551fcebdebc1be1d3afc0271d0f35c7fc62f0ebe9fa5d8e99d7edba9d9c38f50251237fe3a86aed669d8c13e6d2e7fffd6fd33f85b78da0fc6df1cf84c9c47a98d3f5d847af9b09b49f1f47b6527fdeafa99ace3b8b6c3f3918af8a3c5dab45e16f8c7e0df1e6edb6f76f3f87ef1bb05bc025b627e9711041ff5d2beb93afc02d8ec61902b9a94b963a9a54577a1e05f11ad47872e9f52b2ea0720553f87df12e1d657c994ed65e083d735cffc57d5ae2e20900e739af93bc0dacde5978c1e34276b1e47bd797f5a70af65b33be38653a2e4f747dadf11b5b6481a48e4d8380c47520f615f335de97acda592c76f199e78b1bd79e03b6d1d39f723df15dcf8b755b9ba4fb346bbe56d8a80f3f3b1c0fae339fc2bd897c39069301bc9fe59a444f31fd02f3c7b93f9572e654fdacb98e9c055f6492387b6b56d2f4a8ed277cca07ef1b8c0c7247d1075c770077af8c3e216a971e34f18ff0060f87d4cd2973971c88f3c0e7a6eef8ec066be9af883abff0068dabe936d30b3b561b2468c979e403f8405c855efc9c93c9af9dee7c4537836c9f47f05699f657901ff004a970d29f5600127f1240af22abe76a2b647b984a32d656d59c47c6ed42cbc23e1db3f867a7babad9db244e54e7323105beb80304fbd79bfc0df01dcff006d0f104cb80e46c18e8bd05241a389751fb46bf219da5727ce63b816272724f53ea46476afac7e1fe8d6f6b6e5ed0aed45dfb73ce3be3d71d48fc6b8eb4a4df2d8f5a108d0a7bdd9e8d72be4db055e30315e7936a496f76d14c3e56fcabb7d42f63d8573d2bc53c617df675fb4c67054d36634d5f438cf1b35bbc334b921979041c63e98afcf8f8a1abde4be719e669122058ee24f4e95f69f8a75f8aeb4b908c1623ad7c05f14252ba75c293f34edb7f0ef5d7848de4932b112e5a6d9f2cdbdabbd8b6a0fd657cfe679afaa2c0496b69e1dd4c8c47f658243c7f71995bf26cd78d5c69096da5e9f0a8ff5caae47a6791ffa10afab7c39a3a7893e185a9b51fe91a333123bbdbc87e6e3bf9721e7d9bdabdfc4cf9ad7ee7cbd0872fdc7d292da3f8627b3f16696377d91a39f72ff00142c02bfe439fc6bd9fc41e23369730f8834d7f32dee42b2b0e4156f9973f4c91f438af0ef04789ed752f07dae8f29065b68f62e7f8d14edda7fe03c7d315268da925adb4de0abd7c40dfbcb373d8139d9f50c3fa57ced5f75b81ed538f3da674ba9e8da4a78863d7ac06d8e460e55464618fcca40ee32707807af5aafe3716fa06a72595b0c4515c6c19f47552c38f4635cb2ea7736ae239b703137507a7b83e95d06a368dadc31c30c2e6681bcc64e48249fbe0fa11835a61df37bad19e223c9ef26782d95e03acdcdb8c60b30618e41079c1eb8fad46351fb25f005b1918ad4d33c17e294d625b892d24c3c8cc4e3d4d6cd97c37d6355d597ed36f22a027b57a9fc39dd9e636aa53491f6afc1bf14694ba346924a338f5ae7fe276b565adfc43f0ee8f0b864b5fb4ea327b6c410c79ff814a48fa579b699e00d474650b6af228c74c1ae3f465bbb8f176afac82ce2164b08d8ff00d31cb498ff00b68c47fc06b558c8c938a31fa9ca2d367fffd7fb3be2068979e3cf06dff86e17314f3a06b797bc57111124120f749154fe15d4fc26f1feb7e38f09d97886584a493214b88c9e63b88898e78cfa14915857ac43a0d85a2e64c578a691e22d13e107c5abed2af8aae89e3026eed98fdd835489009e3f6173128957d5d1fbb571ba3d24cd54fb23b3f1769f797768c7ca24915f3a7863c2b769e25699e201d9f8cf403fc6bd7bc71f1ffc1968af6d0cbe637a273fcab88f006bd79e38bc9e7d1d0c44edf9db931a3139638e99038fc3d6bceaf4e9c25cf177677d07524b91ab23e91d0b46d2ec3f791a092e3ab48c06463d01e171ebf99ed546f62d235a9ffe26d379e139f2958edfa9fef7f2f6c54ba9dfdbe8c23d36c865fca2421e5980c00cc7b0ce7d79c9eb5e41e22f1a457ebf61b92219492230ff00c5807a30239e3d73c74ac6a59fc7a9e9e1b0cf7437c5975a3e9133c560eb02f04a15dc8dec7b83f435f33f88b53b6d484b6bb73e590d2c2dfc39e8c0f1bd0e78fcbd2b37c73e35bfd227163a9ee30bfcb14e7aab63eebfaa9c75edfa0f19d6b5e9e25df6afb2e616dd11ce011fc4a7d55bfad714ddde87bb469f2a3a6d4ad153e7b5066dc36f9870580feec60708bea7b0f5edaba0f89eff00c3e05a31f323f98b03c2a281938279c2f0093d49ae13c31e34d3b5a90b6f10dc9c878fa7cca3e6c038cfe1cfeb5d1ea86c9f25dc61d8191d7383b4f09fecaf4ce7af4f4ac25052d2474f35d58f4c6f1bc3345b158b0c719fbc3dbdff009d72fae5e8d67459cdbb6e6552c31df8af29b8b896285bc9396fbedce7f7933ed5ff00be1456841e227590b3614b6ee47f17ef0c6a0ffb471ed9efeb584f0ed6a851b23c6edb57b9d483d9e7f888fcabc13e2d6992c17eb62e31fbbdff0099afa06cec513c4126ab6b2c62d5dbccdadb81191b8f6229df11bc3fe19f186ac9abc5762248e1542a1092581e78e07ebd8d6d4a2e324ec456f7e2e27c80ba65cea167662342c2141903d064ff002af6bf086af75e1f8e68ecc8c45295704705644e411dc11d477ce2baed2345d261b8874f862220da0163f7896dcbcff8556b2f0c9b6f1e5c6977676c3751c4ed9e80c68371fa63f9d764ab732699e43c3f23456d2eed8dc4979a112b0c6c26f2f3978d89c30ff694f63f9f35e8fae4ef79049f2e25b73ce3820fb7d45725f02fc3c3c45e389a18b8565618ed8f317f9e78fa1af77f16783c6997ba994f9bf7a067b70067f3e6bccc53f78edc2b4958e57c3daf5ac2f1bf8814c914e8c8ce982704101b07a907f4afb1be03781a5d434287c4facae11e331431e3a0077331fc4ed5f61efc7c3d636b02473dc4e3315ab04cf4cb1ec3df02bf47bf67df1441aaf8517487c092da3053d1a3c9e47ba9e08aedcaa09d4f78e0ce24d53f70f49ff842743237f92327daaab782f448db724783f4aeb20bb92690c6b9e2965f3b3ce6be89c22fa1f30a4d753c5fe23cda67823c1d7fe251199668136dbc58e65b890848631eef2328fc6bc87c2ff0adbc3de1eb5d2aedbcdb844dd3c9fdf99c9795bfe04e49af44d6643f10be2943a2a9dfa5784596e6e4ff000c9a9489fb98fdfecf1b191bd19d3b8af536b58cf38ae7a94232d2c74d3af286a7ffd0fa4f5ff8f334aa56d4d7ce7f113c4d75e3dd1e6d22fa429b8ac91483ef452a1dc922fba9fd323bd70936a63b1aa86e9e42715f3d3c44e5bb3df861a10d914fc39adaea76ecbaa288ef2d5bcab98873fbc1dd7fd97e194fa1f5afd47f813e116f0bf831350b8e2e354c4ee0f554e918fae324fd71dabf34f4ef03ea3ac6a11f89f4581ee6e2d31e7db4780d756ea72d1ae78f300c98c9eff2f43c7ea4693e3bf0e6bfe10b6f14784a65934e92d64784f2a42c0bb4a3a9e559482194f2ad9068824bdf358c5c9a81caeb5aa25c4fa86b309c19e468231cf1141951f9b6e3f8d7ceff00103538b4eb09efa6412cb911c519e3cc924f9557e99c6eff00641f538f4fd62ed2cec34f47c8cc51e483d5a4e4f39f5c9f7fd6bc3be2099751f15e9fa342bf716498af72dc2263fefa6f6cd72d495cf7a853b6c709ac18a7d052cf57779c46be519a4ea480396cff0031f778eb915f34deff00686977dfd8b7ec731aee81c9fbebd4a6efef276f51d3815ee9e27d6ad6d75c16b720b5a460c471d0e7876ff811cfe15c5eb7a541e288bec306619e10ac84e370049084f5cfa1f5acac743f23c996f565d4921cec8ef0e564048d9731f31904742c323debd6b4dbd96783caba2a19728ca0e376781f5e0fa5784ead692e9d772e997ffbb693e5cff7645390dea30706bbef0d6aadaddb2c8e447790931c818e3e61d41fe87e9f4a4d684a7a9d1d92491eb1269771237ddf36ddb23a27240f53d739f4071cd54b832c7f2b2ee8d761247f76372ec71d49393ed52ebeb72d6f1dea7eeee6ce4120e0e7071918fc38fa5695f4f6b09cd97dc9012a7ae38ffd95b23db1415ea79f5f4d0cee1edf201187ebc9daeac7ea3233f9fad50babfb3762c3e638c90a3e8d8fd5857436f1bd81bbd3e03c8717118c7f03f0d8fa1dbfad336a44e6ed93e4817cd6da3ee81edfdd2703d89a1cac4d8e36e2f2e6d35d0be59d8a02066e0318c02df8e41cfb935b7aeea093ea56fab43906e2c9909f464c64ff00df20e69dabdaf97a45b6a9272e25591dbd99b0c79fad634acb69235a49ca248e23cfa3a952bf89349ad0c2b43a9d37ecfdacdae81aedc2c831321989f7f2972a3ff1efd2beb2bdd6746d5fe1c5c6b12e0b8b848b3dda429e6c8c7d87415f09f806dae34ef1b41a8ea44adb5e6dcc9d831431c9ff008ee1b1ea0d7d036769ab59f86f56f044c089ece75b8503f8931b723d4101483dc1ae3ab14e576611db4e8709e28b8361f0fb4dbab75018df48f237bb29e4d7d11fb2f78be0bdbe7b10d8922669a1ed947f9654fa74615f30c374dae783f55f0937fc7fdaa2cd6e9ddcc408700773866e3d8573df043c707c2de29b4d5a727f752c7b80e9873b5bf4aefc37b8d4bb185687b584a07edf68d287919c77ae4be2778e2e3c23a3c7068912dd6b7aa49f64d32d8f492e1867737a4512e6491bb28f522a0bbf1968be12d1ae3c49e2493ecb676f1ef67fbdbb3f75500e5998901547249005723e04d1f59d675997e29f8e2130ea5791986c6cdb9fecfb227708fd3ce9480d330ef841c2f3f4717a1f29cbadd9d2f81fc176fe0af0e43a1a4a6e67dcd35d5cbfdfb8b994ee9a66f77624e3b0c0e82bb0960545cd29929b7327cb49a1a7a9ffd1f3a834f727e6ad58ed512acef5e82ace9d035e5ec708e72715f2fb9f4e8faa3e04682b8fb6baf4e73595f13748d5fc0fe22bcf16f8111a4b6d41641aa69b1f494c8a15ae605c8027000dcb902503a87009f6df875a5a68de1e57c60915c678cae84b744835acdf2c6c7461a9f34ae733e30d634df1f7c3fb4f137836e167806c780a92bf3c446e8dc1195236ed208c8af3bb3d4d3c41e2abbf16460c70c7008e30dd42a8e723b1f3189cfa0ac0f11689aae977771aff0081a65b6bab821eeed1c916d7857a1703ee4b8e04aa33d9830e9c2781bc4d6faaea5ad68a91bd85c6d499ada7fbea5987998e70ca48ce53e539edc8ae692bfbc8f568be55c93dc87e256972cf6bbadd0aaa80370ed9e01f6e587d31ef5e43e09f152d85efd9ae58bf94fb1d988380e7681cf6e335ef775ac41a8da4da74d846450573c657181f91af9475ad127f0f69f71ac4c320185db69eb9ddfa62a17666f2ee7a97c57f0707b26d5ad506f03cd1d39403918f41d7bf7af04d16f9e2d6ade7b79bc9331f298e320b01c673d7ff00ad5f4e783bc4a7c7df0f955c6f7b47581c9cf28fc67d791fe715f236ab0cba5eb371a729fde45216887ba1e07e3d3f1a6959d9994dfda47d39a5dfb6a36045fed49631b64c73bb9eaa73d0f1f4ae66caed2da2b8d170c5d099adc9cfccadc11c8e71faf24d59f0ddd457ba5c5aad9e5c322b6c1ce477f7cfb7b545e27290416de20b22aff6760cc33cec66c32ff9e9492d6c55f4b942ea46b2b987589090b13324a4f789f83f97515af650c11ea69693e25b6befdca31f99712fca011c8f7527b803824110dc5b46d2bdb3a968a45d839c0c11907f2ae7b4b678ed62b7690e199e1954f3b4ab71b4f51d86294a375625abab12f882e656f02416324444a5a4508327e5de71d81e00cf6fc0d67ea5a58bfb15bb247ef610d903187c76f7cf15bd6eaf7bafd8d8b0082d8300bc8180303afb5247686dee2f7482013693165eb9f2e4f9b8fa1c8a2da58ab5f73bbf873a369de28b17d16fa0de66513aa29dafb86373c24f4653f797b8c11efe936fa959e89750685abc8b25c400c7657ccb80e9de09c0e9e80f23d857cf5a55e369733e98864454717104b1fdf8f3dd7d307f02383ec6adaf5eddb4916a4035c15de597ee4ca3f8b1d9c77fd6b96a53767639650b3f78ed7c67e0ad22ef543ab68171fd9da9a316113103e6eb953dc7ebec6bc27c43e1eb8d35ae35ebd856ce70ca6654c79521cfde4c7424f541f856bdcf8ca5890693ab44d76fc88941ccabdc10c7f83ddba5564827bb78ef75e97cf9a3ff005480e522fa67ef37fb47f0c55d1938eb3d8ca71d7dcdcfa53e1cf8bb59f1f6a5a4dff8d788b4a54fb1d9e72a2551b7ed128fe297fb83a20e9f3126beff0086ecc08b0dc1dad807f315f953e0af15dc7863564bdb360194f46008fd7fa735f51ea7f19eeb50545b71b61503031ce71cf3d7ad7ad4f1d18c6f33c8af8094e5ee1f5f2ddc4dd1853e699481835f1b5a7c5a99186f635d3c3f176220798f5b471f4e472cb2ea9167ffd2e0c4fef5df7c3fb75bbd6e30dd88af2dde735ea9f0bdc9d7113b9af988ee7d4247dfda72ecd2d615e8ab5f3f789b5009ad1b67ee6bdde3b836da5ef3e95f2bf8d2e5ff00b79671dcd3acf63d0c2c35650d7aebecd3107806bc7354d1748f115d04bf521e33ba29a36292c6dea8ebc83fa1ee0d7ae78a61fb569be7a7de02bc06cf52963bd60c7ee9ac168ee8ee694959987e2187c53e17945cdc13aa5ba7dd9a3016e00ffa689c2bfd5483fece6a2935cd27c7ff000fa384488278576dd464e2402301572a7e6e7279c0fcebd2e764d56c5830cf15f23fc46d3bfb3efbed710daea7875f9587e239ab494b73394a54d5d3baf3ff0033adfd9c3549746f146bbe08d539d90f9e83fbc233918fa822b82f881e6278aeeeec718bc95463d8f4ae8be17699a8a6bdff0009de9570b25f881add96e94bc6c84838254ab0208e0f3f8d73be36b8d59eeaf06a16abe6dc4ed36e85f72a96ce701b69ef5ad483e6d0e78565c9ef23d23c0576da733584619e275122607dc2dc903f1cf15e9775a2da6a9a548d0b8115dae77af639cf43ee3078cf6af21f03789745b19aca7d552788440890f90ec307a7280fa9aef6dbe22780adf364da8462203203ab2e0f7c02bc560e9cafa23a635a9db59228899a5b3d8f913da930483afdd0761fa11fcb35cdc2162d426d3a76d91dea8756e32b220c11cfa8c1fc3dea7d5fc5fe0cb7d6d6fad2fe3b88eed0c7308c31da40ca3e31d8f15c66b5e22d2f50b7f2ecd6698ee520889d78079e481d4557b397621d782da48f43f0f0993c4105c5c8fde43b9f701f290ab818fae4547a65f9d53c4d75291b7ed0ad129e818c4727fa8fc6b8bd375dd65a0f22dacfee165492670a761e3e60a18e71c1a486c7574511cd7a620243285b75d8433753bce5bf2c51ecfb8d56fe54d9df6a97fa6787efed6fafdd551f742f18e5d95c72428f98e3d85701a84faa6a222fb12bd8c50921657e6575ec3672071fdec9f6aebf48d1eca0569618879aff007a46cb3b7d58e58fe7524f664e4114bdd8ec29465515a5b7f5d4f27758ac5cac19dcdf79d892cdf527935b36934cc996e9526b1a688e4dc077aea34fd291f4b33639c572d5577732e5e4563cfafb547b4ba56071cd7bff00836e46aba72b3735f28789ae1a3ba29e86bdd7e176a921b2f2c1ad2b43dcb934dea7b2c9a6c6066b8cf103fd8d331b6315d24f77295cd79578c751911715c705a9acde87ffd9', '13debb8380a3ee85414cb302764cb3c584f03d8148d49542375df41fb60bad22', 13346, 192, 192, TIMESTAMPTZ '2026-01-05 12:00:00+00', NULL);
